# Generated by tools/build_word_list.py from food.src -- edit that, not this.
# word	reading	model	corpus count, rescaled onto phrase.occ
雪花冰	xue hua bing	tw	17.70
雪花冰	xue hua bing	cn	17.70
剉冰	cuo bing	tw	20.99
剉冰	cuo bing	cn	20.99
挫冰	cuo bing	tw	4.63
挫冰	cuo bing	cn	4.63
綿綿冰	mian mian bing	tw	4.28
绵绵冰	mian mian bing	cn	4.28
愛玉冰	ai yu bing	tw	2.87
爱玉冰	ai yu bing	cn	2.87
芋頭冰	yu tou bing	tw	2.54
芋头冰	yu tou bing	cn	2.54
八寶冰	ba bao bing	tw	2.12
八宝冰	ba bao bing	cn	2.12
牛奶冰	niu nai bing	tw	8.86
牛奶冰	niu nai bing	cn	8.86
鳳梨冰	feng li bing	tw	4.57
凤梨冰	feng li bing	cn	4.57
草莓冰	cao mei bing	tw	6.20
草莓冰	cao mei bing	cn	6.20
豆花冰	dou hua bing	tw	0.53
豆花冰	dou hua bing	cn	0.53
蜜豆冰	mi dou bing	tw	0.46
蜜豆冰	mi dou bing	cn	0.46
霜淇淋	shuang qi lin	tw	65.64
霜淇淋	shuang qi lin	cn	65.64
杏仁凍	xing ren dong	tw	1.95
杏仁冻	xing ren dong	cn	1.95
仙草凍	xian cao dong	tw	6.78
仙草冻	xian cao dong	cn	6.78
奶凍	nai dong	tw	10.08
奶冻	nai dong	cn	10.08
咖啡凍	ka fei dong	tw	3.01
咖啡冻	ka fei dong	cn	3.01
茶凍	cha dong	tw	10.49
茶冻	cha dong	cn	10.49
龜苓膏	gui ling gao	tw	2.74
龟苓膏	gui ling gao	cn	2.74
雙皮奶	shuang pi nai	tw	1.07
双皮奶	shuang pi nai	cn	1.07
豆腐腦	dou fu nao	tw	1.57
豆腐脑	dou fu nao	cn	1.57
檸檬愛玉	ning meng ai yu	tw	2.14
柠檬爱玉	ning meng ai yu	cn	2.14
燒仙草	shao xian cao	tw	6.01
烧仙草	shao xian cao	cn	6.01
芋圓	yu yuan	tw	29.02
芋圆	yu yuan	cn	29.02
地瓜圓	di gua yuan	tw	4.33
地瓜圆	di gua yuan	cn	4.33
地瓜球	di gua qiu	tw	12.65
地瓜球	di gua qiu	cn	12.65
芋泥球	yu ni qiu	tw	2.20
芋泥球	yu ni qiu	cn	2.20
紅豆湯圓	hong dou tang yuan	tw	2.25
红豆汤圆	hong dou tang yuan	cn	2.25
花生湯	hua sheng tang	tw	5.12
花生汤	hua sheng tang	cn	5.12
綠豆沙	lv dou sha	tw	11.09
绿豆沙	lv dou sha	cn	11.09
仙草茶	xian cao cha	tw	3.47
仙草茶	xian cao cha	cn	3.47
青蛙撞奶	qing wa zhuang nai	tw	0.37
青蛙撞奶	qing wa zhuang nai	cn	0.37
珍奶	zhen nai	tw	27.84
珍奶	zhen nai	cn	27.84
紅豆餅	hong dou bing	tw	12.11
红豆饼	hong dou bing	cn	12.11
車輪餅	che lun bing	tw	7.98
车轮饼	che lun bing	cn	7.98
太陽餅	tai yang bing	tw	17.26
太阳饼	tai yang bing	cn	17.26
牛軋糖	niu ga tang	tw	22.20
牛轧糖	niu ga tang	cn	22.20
牛軋糖	niu zha tang	tw	22.20
牛轧糖	niu zha tang	cn	22.20
蕨餅	jue bing	tw	7.05
蕨饼	jue bing	cn	7.05
潤餅	run bing	tw	18.60
润饼	run bing	cn	18.60
蔥抓餅	cong zhua bing	tw	4.30
葱抓饼	cong zhua bing	cn	4.30
粉粿	fen guo	tw	14.59
粉粿	fen guo	cn	14.59
粉粿	fen gui	tw	14.59
粉粿	fen gui	cn	14.59
碗粿	wan guo	tw	21.07
碗粿	wan guo	cn	21.07
碗粿	wan gui	tw	21.07
碗粿	wan gui	cn	21.07
草仔粿	cao zai guo	tw	5.87
草仔粿	cao zai guo	cn	5.87
草仔粿	cao zai gui	tw	5.87
草仔粿	cao zai gui	cn	5.87
紅龜粿	hong gui guo	tw	5.21
红龟粿	hong gui guo	cn	5.21
紅龜粿	hong gui gui	tw	5.21
红龟粿	hong gui gui	cn	5.21
菜頭粿	cai tou guo	tw	2.82
菜头粿	cai tou guo	cn	2.82
菜頭粿	cai tou gui	tw	2.82
菜头粿	cai tou gui	cn	2.82
鹹粿	xian guo	tw	1.38
咸粿	xian guo	cn	1.38
鹹粿	xian gui	tw	1.38
咸粿	xian gui	cn	1.38
芋粿	yu guo	tw	3.41
芋粿	yu guo	cn	3.41
芋粿	yu gui	tw	3.41
芋粿	yu gui	cn	3.41
發粿	fa guo	tw	1.09
发粿	fa guo	cn	1.09
發粿	fa gui	tw	1.09
发粿	fa gui	cn	1.09
粿仔條	guo zai tiao	tw	1.18
粿仔条	guo zai tiao	cn	1.18
粿仔條	gui zai tiao	tw	1.18
粿仔条	gui zai tiao	cn	1.18
大腸麵線	da chang mian xian	tw	5.10
大肠面线	da chang mian xian	cn	5.10
鹹粥	xian zhou	tw	10.82
咸粥	xian zhou	cn	10.82
魷魚羹	you yu geng	tw	4.87
鱿鱼羹	you yu geng	cn	4.87
鼎邊銼	ding bian cuo	tw	0.53
鼎边锉	ding bian cuo	cn	0.53
米血	mi xue	tw	15.40
米血	mi xue	cn	15.40
米血	mi xie	tw	15.40
米血	mi xie	cn	15.40
豬血糕	zhu xue gao	tw	7.33
猪血糕	zhu xue gao	cn	7.33
豬血糕	zhu xie gao	tw	7.33
猪血糕	zhu xie gao	cn	7.33
鹽水雞	yan shui ji	tw	3.48
盐水鸡	yan shui ji	cn	3.48
鹹水雞	xian shui ji	tw	3.68
咸水鸡	xian shui ji	cn	3.68
鹽酥雞	yan su ji	tw	21.44
盐酥鸡	yan su ji	cn	21.44
麻辣燙	ma la tang	tw	10.32
麻辣烫	ma la tang	cn	10.32
阿給	a gei	tw	5.33
阿给	a gei	cn	5.33
