# Generated by tools/build_taipei_places.py -- edit that, not this.
# name	reading	kind	corpus count, rescaled onto phrase.occ
七張	qi zhang	station	8.20
七張站	qi zhang zhan	station	0.99
三和國中	san he guo zhong	station	0.72
三和國中站	san he guo zhong zhan	station	0.28
三民高中	san min gao zhong	station	2.00
三民高中站	san min gao zhong zhan	station	0.36
三重	san chong	station	162.95
三重國小	san chong guo xiao	station	1.32
三重國小站	san chong guo xiao zhan	station	0.80
三重站	san chong zhan	station	1.87
世貿	shi mao	station	54.07
世貿站	shi mao zhan	station	1.50
中山	zhong shan	station	438.21
中山國中	zhong shan guo zhong	station	5.17
中山國中站	zhong shan guo zhong zhan	station	1.92
中山國小	zhong shan guo xiao	station	6.46
中山國小站	zhong shan guo xiao zhan	station	1.70
中山站	zhong shan zhan	station	13.44
中正紀念堂	zhong zheng ji nian tang	station	23.62
中正紀念堂站	zhong zheng ji nian tang zhan	station	1.80
丹鳳	dan feng	station	10.99
丹鳳站	dan feng zhan	station	0.78
亞東醫院	ya dong yi yuan	station	10.56
亞東醫院站	ya dong yi yuan zhan	station	0.75
信義安和	xin yi an he	station	3.81
信義安和站	xin yi an he zhan	station	2.57
先嗇宮	xian se gong	station	1.42
先嗇宮站	xian se gong zhan	station	0.38
內湖	nei hu	station	104.91
內湖站	nei hu zhan	station	1.21
公館	gong guan	station	60.02
公館站	gong guan zhan	station	2.66
六張犁	liu zhang li	station	5.20
六張犁站	liu zhang li zhan	station	1.48
劍南路	jian nan lu	station	2.10
劍南路站	jian nan lu zhan	station	1.39
劍潭	jian tan	station	10.90
劍潭站	jian tan zhan	station	3.35
動物園	dong wu yuan	station	144.46
動物園站	dong wu yuan zhan	station	1.93
北投	bei tou	station	129.86
北投站	bei tou zhan	station	3.76
北門	bei men	station	57.54
北門站	bei men zhan	station	2.68
南京三民	nan jing san min	station	2.70
南京三民站	nan jing san min zhan	station	1.73
南京復興	nan jing fu xing	station	5.70
南京復興站	nan jing fu xing zhan	station	3.36
南勢角	nan shi jiao	station	8.94
南勢角站	nan shi jiao zhan	station	1.28
南港	nan gang	station	120.61
南港展覽館	nan gang zhan lan guan	station	22.12
南港展覽館站	nan gang zhan lan guan zhan	station	1.56
南港站	nan gang zhan	station	2.90
南港軟體園區	nan gang ruan ti yuan qu	station	2.25
南港軟體園區站	nan gang ruan ti yuan qu zhan	station	0.44
古亭	gu ting	station	15.03
古亭站	gu ting zhan	station	3.26
台北小巨蛋	tai bei xiao ju dan	station	21.70
台北小巨蛋站	tai bei xiao ju dan zhan	station	0.51
台北橋	tai bei qiao	station	4.00
台北橋站	tai bei qiao zhan	station	0.86
台北車站	tai bei che zhan	station	42.62
台大醫院	tai da yi yuan	station	44.25
台大醫院站	tai da yi yuan zhan	station	0.85
台電大樓	tai dian da lou	station	3.62
台電大樓站	tai dian da lou zhan	station	1.54
唭哩岸	qi li an	station	1.72
唭哩岸站	qi li an zhan	station	0.44
善導寺	shan dao si	station	3.74
善導寺站	shan dao si zhan	station	2.01
國父紀念館	guo fu ji nian guan	station	20.31
國父紀念館站	guo fu ji nian guan zhan	station	3.73
圓山	yuan shan	station	49.13
圓山站	yuan shan zhan	station	2.80
土城	tu cheng	station	53.23
土城站	tu cheng zhan	station	0.70
士林	shi lin	station	134.09
士林站	shi lin zhan	station	3.10
大坪林	da ping lin	station	5.01
大坪林站	da ping lin zhan	station	1.96
大安	da an	station	169.29
大安森林公園	da an sen lin gong yuan	station	14.83
大安森林公園站	da an sen lin gong yuan zhan	station	0.66
大安站	da an zhan	station	3.26
大橋頭	da qiao tou	station	5.76
大橋頭站	da qiao tou zhan	station	1.99
大湖公園	da hu gong yuan	station	3.77
大湖公園站	da hu gong yuan zhan	station	0.70
大直	da zhi	station	65.02
大直站	da zhi zhan	station	0.80
奇岩	qi yan	station	15.10
奇岩站	qi yan zhan	station	0.50
奉天宮	feng tian gong	station	6.55
奉天宮站	feng tian gong zhan	station	0.08
小南門	xiao nan men	station	2.42
小南門站	xiao nan men zhan	station	0.45
小碧潭	xiao bi tan	station	2.12
小碧潭站	xiao bi tan zhan	station	0.80
市政府	shi zheng fu	station	507.32
市政府站	shi zheng fu zhan	station	6.21
府中	fu zhong	station	38.06
府中站	fu zhong zhan	station	3.42
廣慈	guang ci	station	2.47
後山埤	hou shan pi	station	2.10
後山埤站	hou shan pi zhan	station	0.77
徐匯中學	xu hui zhong xue	station	1.21
徐匯中學站	xu hui zhong xue zhan	station	0.52
復興崗	fu xing gang	station	1.21
復興崗站	fu xing gang zhan	station	0.32
忠孝復興	zhong xiao fu xing	station	9.05
忠孝復興站	zhong xiao fu xing zhan	station	5.44
忠孝敦化	zhong xiao dun hua	station	6.73
忠孝敦化站	zhong xiao dun hua zhan	station	4.37
忠孝新生	zhong xiao xin sheng	station	4.81
忠孝新生站	zhong xiao xin sheng zhan	station	2.64
忠義	zhong yi	station	33.87
忠義站	zhong yi zhan	station	0.28
文德	wen de	station	15.83
文德站	wen de zhan	station	0.66
新北投	xin bei tou	station	9.21
新北投站	xin bei tou zhan	station	2.16
新埔	xin pu	station	28.47
新埔站	xin pu zhan	station	3.87
新店	xin dian	station	141.98
新店區公所	xin dian qu gong suo	station	1.08
新店區公所站	xin dian qu gong suo zhan	station	0.42
新店站	xin dian zhan	station	1.43
新莊	xin zhuang	station	257.13
新莊站	xin zhuang zhan	station	1.21
昆陽	kun yang	station	4.87
昆陽站	kun yang zhan	station	1.43
明德	ming de	station	47.68
明德站	ming de zhan	station	0.52
景安	jing an	station	9.14
景安站	jing an zhan	station	3.11
景美	jing mei	station	38.99
景美站	jing mei zhan	station	1.14
木柵	mu zha	station	30.88
木柵站	mu zha zhan	station	0.72
東湖	dong hu	station	19.65
東湖站	dong hu zhan	station	0.60
東門	dong men	station	47.70
東門站	dong men zhan	station	2.92
松山	song shan	station	183.85
松山機場	song shan ji chang	station	26.64
松山機場站	song shan ji chang zhan	station	0.51
松山站	song shan zhan	station	2.40
松江南京	song jiang nan jing	station	5.79
松江南京站	song jiang nan jing zhan	station	3.03
板橋	ban qiao	station	221.51
板橋站	ban qiao zhan	station	4.95
民權西路	min quan xi lu	station	4.53
民權西路站	min quan xi lu zhan	station	2.14
永安市場	yong an shi chang	station	5.33
永安市場站	yong an shi chang zhan	station	2.52
永寧	yong ning	station	8.34
永寧站	yong ning zhan	station	1.11
永春	yong chun	station	13.57
永春站	yong chun zhan	station	1.34
江子翠	jiang zi cui	station	6.38
江子翠站	jiang zi cui zhan	station	1.78
海山	hai shan	station	21.48
海山站	hai shan zhan	station	1.22
淡水	dan shui	station	241.35
淡水站	dan shui zhan	station	2.89
港墘	gang qi	station	3.76
港墘	gang qian	station	3.76
港墘站	gang qian zhan	station	1.16
石牌	shi pai	station	15.16
石牌站	shi pai zhan	station	1.60
科技大樓	ke ji da lou	station	13.84
科技大樓站	ke ji da lou zhan	station	2.36
竹圍	zhu wei	station	13.05
竹圍站	zhu wei zhan	station	0.41
紅樹林	hong shu lin	station	34.51
紅樹林站	hong shu lin zhan	station	1.32
芝山	zhi shan	station	9.50
芝山站	zhi shan zhan	station	1.81
菜寮	cai liao	station	2.38
菜寮站	cai liao zhan	station	0.49
萬芳社區	wan fang she qu	station	0.53
萬芳社區站	wan fang she qu zhan	station	0.14
萬芳醫院	wan fang yi yuan	station	7.77
萬芳醫院站	wan fang yi yuan zhan	station	0.31
萬隆	wan long	station	10.13
萬隆站	wan long zhan	station	0.89
葫洲	hu zhou	station	0.82
葫洲站	hu zhou zhan	station	0.65
蘆洲	lu zhou	station	36.32
蘆洲站	lu zhou zhan	station	0.80
行天宮	xing tian gong	station	12.76
行天宮站	xing tian gong zhan	station	2.55
西湖	xi hu	station	49.42
西湖站	xi hu zhan	station	1.05
西門	xi men	station	174.35
西門站	xi men zhan	station	4.77
象山	xiang shan	station	14.09
象山站	xiang shan zhan	station	1.13
輔大	fu da	station	44.75
輔大站	fu da zhan	station	0.77
辛亥	xin hai	station	25.00
辛亥站	xin hai zhan	station	0.22
迴龍	hui long	station	5.08
迴龍站	hui long zhan	station	0.94
關渡	guan du	station	27.25
關渡站	guan du zhan	station	0.85
雙連	shuang lian	station	16.71
雙連站	shuang lian zhan	station	4.17
頂埔	ding pu	station	4.08
頂埔站	ding pu zhan	station	0.88
頂溪	ding xi	station	9.40
頂溪站	ding xi zhan	station	3.21
頭前庄	tou qian zhuang	station	0.77
頭前庄站	tou qian zhuang zhan	station	0.45
麟光	lin guang	station	1.52
麟光站	lin guang zhan	station	0.75
龍山寺	long shan si	station	22.62
龍山寺站	long shan si zhan	station	1.96
中山區	zhong shan qu	district	47.27
中正區	zhong zheng qu	district	34.69
信義區	xin yi qu	district	75.95
內湖區	nei hu qu	district	16.38
北投區	bei tou qu	district	12.53
南港區	nan gang qu	district	9.45
台北市	tai bei shi	district	744.22
士林區	shi lin qu	district	14.22
大同區	da tong qu	district	14.16
大安區	da an qu	district	56.17
文山區	wen shan qu	district	20.02
松山區	song shan qu	district	29.56
臺北市	tai bei shi	district	221.00
萬華區	wan hua qu	district	14.11
一德里	yi de li	village	0.09
三張里	san zhang li	village	0.02
三愛里	san ai li	village	0.03
三民里	san min li	village	0.37
三犁里	san li li	village	0.00
三玉里	san yu li	village	0.05
三重里	san chong li	village	0.06
下埤里	xia pi li	village	0.03
中南里	zhong nan li	village	0.05
中原里	zhong yuan li	village	0.23
中吉里	zhong ji li	village	0.00
中和里	zhong he li	village	0.48
中坡里	zhong po li	village	0.05
中央里	zhong yang li	village	0.29
中山里	zhong shan li	village	1.03
中崙里	zhong lun li	village	0.10
中庄里	zhong zhuang li	village	0.22
中庸里	zhong yong li	village	0.00
中心里	zhong xin li	village	0.20
中正里	zhong zheng li	village	0.54
中研里	zhong yan li	village	0.01
中興里	zhong xing li	village	1.09
中華里	zhong hua li	village	0.23
中行里	zhong xing li	village	0.00
九如里	jiu ru li	village	0.13
五全里	wu quan li	village	0.04
五分里	wu fen li	village	0.00
五常里	wu chang li	village	0.07
仁勇里	ren yong li	village	0.01
仁德里	ren de li	village	0.21
仁愛里	ren ai li	village	0.45
仁慈里	ren ci li	village	0.02
仁福里	ren fu li	village	0.13
介壽里	jie shou li	village	0.13
住安里	zhu an li	village	0.02
保安里	bao an li	village	0.23
保德里	bao de li	village	0.06
光信里	guang xin li	village	0.07
光復里	guang fu li	village	0.51
光明里	guang ming li	village	0.59
光武里	guang wu li	village	0.12
光能里	guang neng li	village	0.14
內湖里	nei hu li	village	0.03
內溝里	nei gou li	village	0.02
全安里	quan an li	village	0.03
全德里	quan de li	village	0.00
八仙里	ba xian li	village	0.04
公館里	gong guan li	village	0.29
六合里	liu he li	village	0.28
六藝里	liu yi li	village	0.00
凌霄里	ling xiao li	village	0.00
前港里	qian gang li	village	0.05
劍潭里	jian tan li	village	0.09
力行里	li xing li	village	0.09
北安里	bei an li	village	0.04
南港里	nan gang li	village	0.29
南湖里	nan hu li	village	0.00
南福里	nan fu li	village	0.02
南芳里	nan fang li	village	0.00
南門里	nan men li	village	0.34
博嘉里	bo jia li	village	0.15
古莊里	gu zhuang li	village	0.02
古風里	gu feng li	village	0.25
合成里	he cheng li	village	0.07
吉仁里	ji ren li	village	0.01
吉利里	ji li li	village	0.01
吉慶里	ji qing li	village	0.13
吉祥里	ji xiang li	village	0.08
名山里	ming shan li	village	0.05
和安里	he an li	village	0.06
和平里	he ping li	village	0.51
和德里	he de li	village	0.36
嘉興里	jia xing li	village	0.14
四維里	si wei li	village	0.07
四育里	si yu li	village	0.00
國慶里	guo qing li	village	0.06
國業里	guo ye li	village	0.00
國順里	guo shun li	village	0.07
圓山里	yuan shan li	village	0.09
埤頭里	pi tou li	village	0.23
壽德里	shou de li	village	0.06
大仁里	da ren li	village	0.07
大佳里	da jia li	village	0.03
大同里	da tong li	village	0.40
大學里	da xue li	village	1.26
大屯里	da tun li	village	0.29
大有里	da you li	village	0.07
大湖里	da hu li	village	0.19
大直里	da zhi li	village	0.11
大道里	da dao li	village	0.02
天和里	tian he li	village	0.02
天壽里	tian shou li	village	0.01
天山里	tian shan li	village	0.04
天母里	tian mu li	village	0.23
天玉里	tian yu li	village	0.15
天祿里	tian lu li	village	0.01
天福里	tian fu li	village	0.03
奇岩里	qi yan li	village	0.03
孝德里	xiao de li	village	0.01
學府里	xue fu li	village	0.12
安平里	an ping li	village	0.17
安康里	an kang li	village	0.07
安泰里	an tai li	village	0.06
安湖里	an hu li	village	0.02
富光里	fu guang li	village	0.01
富台里	fu tai li	village	0.03
富民里	fu min li	village	0.05
富水里	fu shui li	village	0.02
富泰里	fu tai li	village	0.03
富洲里	fu zhou li	village	0.03
富福里	fu fu li	village	0.01
富臺里	fu tai li	village	0.00
富錦里	fu jin li	village	0.03
寶湖里	bao hu li	village	0.08
尊賢里	zun xian li	village	0.00
岩山里	yan shan li	village	0.04
平等里	ping deng li	village	0.85
幸市里	xing shi li	village	0.04
幸福里	xing fu li	village	0.73
康寧里	kang ning li	village	0.00
康樂里	kang le li	village	0.36
廈安里	xia an li	village	0.07
廣居里	guang ju li	village	0.01
延平里	yan ping li	village	0.15
建倫里	jian lun li	village	0.00
建功里	jian gong li	village	0.12
建國里	jian guo li	village	0.26
建安里	jian an li	village	0.11
建明里	jian ming li	village	0.00
建民里	jian min li	village	0.03
建泰里	jian tai li	village	0.03
後港里	hou gang li	village	0.09
復勢里	fu shi li	village	0.04
復建里	fu jian li	village	0.03
復源里	fu yuan li	village	0.01
復盛里	fu sheng li	village	0.06
復華里	fu hua li	village	0.17
德安里	de an li	village	0.14
德華里	de hua li	village	0.01
德行里	de xing li	village	0.16
忠勤里	zhong qin li	village	0.40
忠德里	zhong de li	village	0.00
忠誠里	zhong cheng li	village	0.10
忠貞里	zhong zhen li	village	0.07
忠順里	zhong shun li	village	0.14
恆安里	heng an li	village	0.16
惠安里	hui an li	village	0.07
愛國里	ai guo li	village	0.02
慈祐里	ci you li	village	0.03
成功里	cheng gong li	village	0.61
成福里	cheng fu li	village	0.04
承德里	cheng de li	village	0.06
指南里	zhi nan li	village	0.20
振華里	zhen hua li	village	0.07
揚雅里	yang ya li	village	0.01
政大里	zheng da li	village	0.06
敦化里	dun hua li	village	0.03
敦厚里	dun hou li	village	0.01
敦安里	dun an li	village	0.00
敦煌里	dun huang li	village	0.02
文化里	wen hua li	village	1.02
文北里	wen bei li	village	0.03
文林里	wen lin li	village	0.19
文盛里	wen sheng li	village	0.04
文祥里	wen xiang li	village	0.01
斯文里	si wen li	village	0.50
新仁里	xin ren li	village	0.23
新光里	xin guang li	village	0.35
新和里	xin he li	village	0.13
新喜里	xin xi li	village	0.00
新安里	xin an li	village	0.15
新富里	xin fu li	village	0.11
新庄里	xin zhuang li	village	0.25
新忠里	xin zhong li	village	0.09
新東里	xin dong li	village	0.16
新營里	xin ying li	village	0.03
新生里	xin sheng li	village	0.22
新益里	xin yi li	village	0.04
新福里	xin fu li	village	0.06
新聚里	xin ju li	village	0.14
新起里	xin qi li	village	0.00
新龍里	xin long li	village	0.02
日善里	ri shan li	village	0.00
日祥里	ri xiang li	village	0.03
昌隆里	chang long li	village	0.09
明勝里	ming sheng li	village	0.02
明湖里	ming hu li	village	0.13
明義里	ming yi li	village	0.06
明興里	ming xing li	village	0.19
星明里	xing ming li	village	0.01
景仁里	jing ren li	village	0.00
景勤里	jing qin li	village	0.00
景慶里	jing qing li	village	0.03
景新里	jing xin li	village	0.07
景星里	jing xing li	village	0.05
景東里	jing dong li	village	0.03
景美里	jing mei li	village	0.04
景聯里	jing lian li	village	0.00
景華里	jing hua li	village	0.02
景行里	jing xing li	village	0.10
晴光里	qing guang li	village	0.06
智仁里	zhi ren li	village	0.17
朝陽里	chao yang li	village	0.57
木新里	mu xin li	village	0.02
木柵里	mu zha li	village	0.15
朱園里	zhu yuan li	village	0.02
朱崙里	zhu lun li	village	0.00
朱馥里	zhu fu li	village	0.00
東光里	dong guang li	village	0.11
東勢里	dong shi li	village	0.34
東山里	dong shan li	village	0.41
東新里	dong xin li	village	0.02
東昌里	dong chang li	village	0.15
東明里	dong ming li	village	0.11
東榮里	dong rong li	village	0.04
東湖里	dong hu li	village	0.10
東華里	dong hua li	village	0.11
東門里	dong men li	village	0.53
松光里	song guang li	village	0.13
松友里	song you li	village	0.01
松基里	song ji li	village	0.01
松江里	song jiang li	village	0.07
松隆里	song long li	village	0.00
板溪里	ban xi li	village	0.05
林泉里	lin quan li	village	0.07
林興里	lin xing li	village	0.04
柳鄉里	liu xiang li	village	0.03
桃源里	tao yuan li	village	0.35
梅花里	mei hua li	village	0.05
榮光里	rong guang li	village	0.07
榮德里	rong de li	village	0.00
榮華里	rong hua li	village	0.06
樂康里	le kang li	village	0.01
樟文里	zhang wen li	village	0.05
樟新里	zhang xin li	village	0.12
樟林里	zhang lin li	village	0.17
樟樹里	zhang shu li	village	0.03
樟腳里	zhang jiao li	village	0.01
正和里	zheng he li	village	0.01
正守里	zheng shou li	village	0.00
正得里	zheng de li	village	0.00
正義里	zheng yi li	village	0.20
正聲里	zheng sheng li	village	0.05
民安里	min an li	village	0.11
民有里	min you li	village	0.13
民權里	min quan li	village	0.28
民炤里	min zhao li	village	0.03
民福里	min fu li	village	0.03
民輝里	min hui li	village	0.03
水源里	shui yuan li	village	0.26
永倫里	yong lun li	village	0.02
永功里	yong gong li	village	0.01
永吉里	yong ji li	village	0.07
永和里	yong he li	village	0.22
永安里	yong an li	village	0.63
永康里	yong kang li	village	0.13
永昌里	yong chang li	village	0.07
永明里	yong ming li	village	0.05
永春里	yong chun li	village	0.07
永樂里	yong le li	village	0.09
永欣里	yong xin li	village	0.00
永福里	yong fu li	village	0.75
江寧里	jiang ning li	village	0.01
江山里	jiang shan li	village	0.05
河堤里	he ti li	village	0.05
泉源里	quan yuan li	village	0.12
法治里	fa zhi li	village	0.01
泰和里	tai he li	village	0.17
洲子里	zhou zi li	village	0.00
洲美里	zhou mei li	village	0.17
清江里	qing jiang li	village	0.07
清白里	qing bai li	village	0.04
港墘里	gang qian li	village	0.15
港富里	gang fu li	village	0.00
港華里	gang hua li	village	0.02
港都里	gang dou li	village	0.01
湖元里	hu yuan li	village	0.01
湖山里	hu shan li	village	0.26
湖濱里	hu bin li	village	0.06
湖田里	hu tian li	village	0.15
湖興里	hu xing li	village	0.06
溪山里	xi shan li	village	0.15
溫泉里	wen quan li	village	0.20
玉成里	yu cheng li	village	0.05
玉泉里	yu quan li	village	0.02
瑞光里	rui guang li	village	0.10
瑞陽里	rui yang li	village	0.00
百福里	bai fu li	village	0.09
百齡里	bai ling li	village	0.01
石潭里	shi tan li	village	0.02
石牌里	shi pai li	village	0.07
碧山里	bi shan li	village	0.01
社園里	she yuan li	village	0.01
社子里	she zi li	village	0.07
社新里	she xin li	village	0.01
福中里	fu zhong li	village	0.05
福住里	fu zhu li	village	0.04
福佳里	fu jia li	village	0.04
福安里	fu an li	village	0.36
福德里	fu de li	village	0.37
福志里	fu zhi li	village	0.01
福成里	fu cheng li	village	0.03
福星里	fu xing li	village	0.07
福林里	fu lin li	village	0.16
福興里	fu xing li	village	0.40
福華里	fu hua li	village	0.02
福音里	fu yin li	village	0.04
福順里	fu shun li	village	0.04
秀山里	xiu shan li	village	0.14
秀湖里	xiu hu li	village	0.00
稻香里	dao xiang li	village	0.02
立賢里	li xian li	village	0.01
立農里	li nong li	village	0.02
精忠里	jing zhong li	village	0.04
糖廍里	tang bu li	village	0.03
紫星里	zi xing li	village	0.05
紫陽里	zi yang li	village	0.00
紫雲里	zi yun li	village	0.03
綠堤里	lv ti li	village	0.00
網溪里	wang xi li	village	0.07
美仁里	mei ren li	village	0.30
群英里	qun ying li	village	0.00
群賢里	qun xian li	village	0.01
義信里	yi xin li	village	0.02
義安里	yi an li	village	0.01
義村里	yi cun li	village	0.01
翠山里	cui shan li	village	0.01
老師里	lao shi li	village	0.06
老泉里	lao quan li	village	0.41
聖山里	sheng shan li	village	0.01
聚盛里	ju sheng li	village	0.02
聚葉里	ju ye li	village	0.00
聯成里	lian cheng li	village	0.01
臥龍里	wo long li	village	0.01
臨江里	lin jiang li	village	0.06
臨溪里	lin xi li	village	0.03
自強里	zi qiang li	village	0.31
至聖里	zhi sheng li	village	0.07
興亞里	xing ya li	village	0.00
興光里	xing guang li	village	0.01
興安里	xing an li	village	0.43
興家里	xing jia li	village	0.03
興得里	xing de li	village	0.05
興德里	xing de li	village	0.03
興旺里	xing wang li	village	0.06
興昌里	xing chang li	village	0.21
興業里	xing ye li	village	0.07
興泰里	xing tai li	village	0.06
興福里	xing fu li	village	0.10
興豐里	xing feng li	village	0.03
興邦里	xing bang li	village	0.15
興隆里	xing long li	village	0.17
興雅里	xing ya li	village	0.02
舊佳里	jiu jia li	village	0.01
舊庄里	jiu zhuang li	village	0.01
舊莊里	jiu zhuang li	village	0.15
芝山里	zhi shan li	village	0.03
芳和里	fang he li	village	0.00
莊敬里	zhuang jing li	village	0.15
菁山里	jing shan li	village	0.06
菜園里	cai yuan li	village	0.40
華中里	hua zhong li	village	0.00
華江里	hua jiang li	village	0.04
華聲里	hua sheng li	village	0.08
華興里	hua xing li	village	0.21
萬和里	wan he li	village	0.15
萬壽里	wan shou li	village	0.11
萬年里	wan nian li	village	0.07
萬有里	wan you li	village	0.05
萬盛里	wan sheng li	village	0.02
萬祥里	wan xiang li	village	0.06
萬福里	wan fu li	village	0.04
萬美里	wan mei li	village	0.27
萬興里	wan xing li	village	0.13
萬芳里	wan fang li	village	0.07
萬隆里	wan long li	village	0.03
萬龍里	wan long li	village	0.00
葫東里	hu dong li	village	0.04
葫洲里	hu zhou li	village	0.00
葫蘆里	hu lu li	village	0.45
蓬萊里	peng lai li	village	0.02
藍橋里	lan qiao li	village	0.01
蘆洲里	lu zhou li	village	0.06
蘭興里	lan xing li	village	0.01
蘭雅里	lan ya li	village	0.02
虎嘯里	hu xiao li	village	0.02
螢圃里	ying pu li	village	0.02
螢雪里	ying xue li	village	0.01
行仁里	xing ren li	village	0.00
行善里	xing shan li	village	0.00
行孝里	xing xiao li	village	0.01
行政里	xing zheng li	village	0.16
裕民里	yu min li	village	0.17
西安里	xi an li	village	0.25
西康里	xi kang li	village	0.06
西新里	xi xin li	village	0.02
西村里	xi cun li	village	0.05
西湖里	xi hu li	village	0.29
西門里	xi men li	village	0.28
試院里	shi yuan li	village	0.07
誠安里	cheng an li	village	0.00
豐年里	feng nian li	village	0.06
車層里	che ceng li	village	0.01
通化里	tong hua li	village	0.03
通安里	tong an li	village	0.00
週美里	zhou mei li	village	0.01
鄰江里	lin jiang li	village	0.03
重慶里	chong qing li	village	0.03
重陽里	chong yang li	village	0.04
金泰里	jin tai li	village	0.00
金湖里	jin hu li	village	0.05
金瑞里	jin rui li	village	0.04
金龍里	jin long li	village	0.29
銘德里	ming de li	village	0.00
錦安里	jin an li	village	0.09
錦德里	jin de li	village	0.01
錦泰里	jin tai li	village	0.00
錦華里	jin hua li	village	0.07
長安里	chang an li	village	0.22
長春里	chang chun li	village	0.13
開明里	kai ming li	village	0.07
關渡里	guan du li	village	0.06
陽明里	yang ming li	village	0.10
隆和里	long he li	village	0.01
雅祥里	ya xiang li	village	0.01
集英里	ji ying li	village	0.02
雙和里	shuang he li	village	0.04
雙園里	shuang yuan li	village	0.09
雙連里	shuang lian li	village	0.07
青山里	qing shan li	village	0.18
頂東里	ding dong li	village	0.03
頂碩里	ding shuo li	village	0.05
順興里	shun xing li	village	0.14
騰雲里	teng yun li	village	0.06
鳳鳴里	feng ming li	village	0.07
鴻福里	hong fu li	village	0.02
鵬程里	peng cheng li	village	0.04
麗山里	li shan li	village	0.02
黎元里	li yuan li	village	0.02
黎和里	li he li	village	0.07
黎孝里	li xiao li	village	0.00
黎安里	li an li	village	0.08
黎平里	li ping li	village	0.01
黎忠里	li zhong li	village	0.01
黎明里	li ming li	village	0.21
黎順里	li shun li	village	0.01
龍光里	long guang li	village	0.00
龍圖里	long tu li	village	0.03
龍坡里	long po li	village	0.03
龍安里	long an li	village	0.31
龍泉里	long quan li	village	0.12
龍洲里	long zhou li	village	0.01
龍淵里	long yuan li	village	0.04
龍生里	long sheng li	village	0.02
龍田里	long tian li	village	0.07
龍福里	long fu li	village	0.06
龍興里	long xing li	village	0.15
龍門里	long men li	village	0.10
龍陣里	long zhen li	village	0.01
龍雲里	long yun li	village	0.04
龍飛里	long fei li	village	0.00
一壽街	yi shou jie	road	0.19
一德街	yi de jie	road	0.04
一心街	yi xin jie	road	0.05
一心路	yi xin lu	road	0.52
一本街	yi ben jie	road	0.05
一江街	yi jiang jie	road	0.16
七星街	qi xing jie	road	0.22
三元街	san yuan jie	road	0.36
三合街	san he jie	road	0.10
三民路	san min lu	road	9.21
三水街	san shui jie	road	0.57
三福街	san fu jie	road	0.13
三重路	san chong lu	road	0.24
下半嶺產業道路	xia ban ling chan ye dao lu	road	0.01
下崙路	xia lun lu	road	0.02
下東勢產業道路	xia dong shi chan ye dao lu	road	0.03
下樹林街	xia shu lin jie	road	0.00
中七街	zhong qi jie	road	0.00
中二十一路	zhong er shi yi lu	road	0.00
中十一街	zhong shi yi jie	road	0.01
中十七路	zhong shi qi lu	road	0.00
中十九路	zhong shi jiu lu	road	0.00
中十二路	zhong shi er lu	road	0.00
中十五路	zhong shi wu lu	road	0.00
中十六路	zhong shi liu lu	road	0.00
中十四街	zhong shi si jie	road	0.00
中南街	zhong nan jie	road	0.27
中原街	zhong yuan jie	road	0.52
中和街	zhong he jie	road	2.18
中和街錫安巷	zhong he jie xi an xiang	road	0.01
中坡北路	zhong po bei lu	road	0.11
中坡南路	zhong po nan lu	road	0.14
中央北路	zhong yang bei lu	road	0.59
中央南路	zhong yang nan lu	road	0.25
中山北路	zhong shan bei lu	road	15.34
中山南路	zhong shan nan lu	road	5.09
中山路	zhong shan lu	road	47.97
中山高汐五高架道路	zhong shan gao xi wu gao jia dao lu	road	0.00
中山高速公路	zhong shan gao su gong lu	road	3.96
中崙路	zhong lun lu	road	0.08
中庸一路	zhong yong yi lu	road	0.00
中庸二路	zhong yong er lu	road	0.00
中庸五路	zhong yong wu lu	road	0.01
中庸里大同街	zhong yong li da tong jie	road	0.00
中心街	zhong xin jie	road	1.26
中正東路	zhong zheng dong lu	road	1.38
中正產業道路	zhong zheng chan ye dao lu	road	0.00
中正街	zhong zheng jie	road	0.48
中正路	zhong zheng lu	road	53.14
中湖戰備道路	zhong hu zhan bei dao lu	road	0.06
中社路	zhong she lu	road	0.30
中興街	zhong xing jie	road	3.12
中興路	zhong xing lu	road	8.02
中華街	zhong hua jie	road	7.68
中華路	zhong hua lu	road	24.61
丹陽街	dan yang jie	road	0.23
久康街	jiu kang jie	road	0.17
二高南港聯絡道	er gao nan gang lian luo dao	road	0.00
五分產業道路	wu fen chan ye dao lu	road	0.00
五分街	wu fen jie	road	0.06
五原路	wu yuan lu	road	0.02
五常街	wu chang jie	road	0.57
五指山產業道路	wu zhi shan chan ye dao lu	road	0.02
仁愛路	ren ai lu	road	13.89
仁民路	ren min lu	road	0.00
介壽路	jie shou lu	road	3.12
仙岩路	xian yan lu	road	0.00
仰德大道	yang de da dao	road	2.09
伊寧街	yi ning jie	road	0.06
伊通街	yi tong jie	road	0.67
保儀路	bao yi lu	road	0.31
保安街	bao an jie	road	0.80
信安街	xin an jie	road	0.35
信德大道	xin de da dao	road	0.00
信義快速道路	xin yi kuai su dao lu	road	0.42
信義路	xin yi lu	road	12.23
信陽街	xin yang jie	road	0.20
倫等街	lun deng jie	road	0.00
健康路	jian kang lu	road	5.44
光復北路	guang fu bei lu	road	1.12
光復南路	guang fu nan lu	road	3.59
光復路	guang fu lu	road	10.19
光明路	guang ming lu	road	2.71
光武路	guang wu lu	road	0.02
光華一巷	guang hua yi xiang	road	0.01
光華三巷	guang hua san xiang	road	0.00
光華二巷	guang hua er xiang	road	0.00
光華四巷	guang hua si xiang	road	0.00
光華路	guang hua lu	road	1.72
光輝路	guang hui lu	road	0.13
克強路	ke qiang lu	road	0.07
克難街	ke nan jie	road	0.06
內江街	nei jiang jie	road	0.34
內湖路	nei hu lu	road	2.05
八仙產業道路	ba xian chan ye dao lu	road	0.00
八德路	ba de lu	road	8.76
八連路	ba lian lu	road	0.12
公園內道路	gong yuan nei dao lu	road	0.04
公園路	gong yuan lu	road	10.43
公舘路	gong guan lu	road	0.02
公館街	gong guan jie	road	0.14
公館路	gong guan lu	road	0.43
凌雲街	ling yun jie	road	0.00
凱旋路	kai xuan lu	road	1.65
凱達格蘭大道	kai da ge lan da dao	road	4.69
前港街	qian gang jie	road	0.06
前街	qian jie	road	3.53
劍潭路	jian tan lu	road	0.17
力行街	li xing jie	road	0.07
勝利街	sheng li jie	road	0.17
勝利路	sheng li lu	road	2.81
北二高台北聯絡道	bei er gao tai bei lian luo dao	road	0.00
北安街	bei an jie	road	0.07
北安路	bei an lu	road	2.82
北宜高速公路	bei yi gao su gong lu	road	0.98
北寧路	bei ning lu	road	0.80
北平東路	bei ping dong lu	road	0.75
北平西路	bei ping xi lu	road	0.33
北平路	bei ping lu	road	1.42
北投路	bei tou lu	road	0.17
北科路	bei ke lu	road	0.01
十八分產業道路	shi ba fen chan ye dao lu	road	0.00
南京東路	nan jing dong lu	road	13.19
南京西路	nan jing xi lu	road	3.49
南寧路	nan ning lu	road	0.10
南昌街	nan chang jie	road	0.61
南昌路	nan chang lu	road	1.42
南海路	nan hai lu	road	1.73
南深路	nan shen lu	road	0.31
南港路	nan gang lu	road	1.34
南陽街	nan yang jie	road	2.41
博愛路	bo ai lu	road	6.13
合江街	he jiang jie	road	0.65
合順街	he shun jie	road	0.00
吉利街	ji li jie	road	0.07
吉林路	ji lin lu	road	2.10
吉祥路	ji xiang lu	road	0.31
同安街	tong an jie	road	1.50
同德街	tong de jie	road	0.03
同德路	tong de lu	road	0.04
向陽路	xiang yang lu	road	0.59
吳興街	wu xing jie	road	2.89
和平東路	he ping dong lu	road	6.12
和平街	he ping jie	road	2.01
和平西路	he ping xi lu	road	1.67
和平路	he ping lu	road	4.58
和興路	he xing lu	road	0.11
和豐街	he feng jie	road	0.07
哈密街	ha mi jie	road	0.19
嘉新街	jia xin jie	road	0.01
嘉興街	jia xing jie	road	0.50
四十四坎街	si shi si kan jie	road	0.03
四平街	si ping jie	road	0.97
四維路	si wei lu	road	4.06
國泰街	guo tai jie	road	0.18
國興街	guo xing jie	road	0.00
國興路	guo xing lu	road	0.07
國華街	guo hua jie	road	8.96
園區街	yuan qu jie	road	0.12
基河路	ji he lu	road	0.94
基河路臨	ji he lu lin	road	0.02
基湖路	ji hu lu	road	0.43
基隆路	ji long lu	road	6.57
基隆路高架道路	ji long lu gao jia dao lu	road	0.04
堤防路	ti fang lu	road	0.10
堤頂大道	ti ding da dao	road	1.30
塔城街	ta cheng jie	road	0.94
塔悠路	ta you lu	road	0.52
士商路	shi shang lu	road	0.23
士東路	shi dong lu	road	0.40
士科路	shi ke lu	road	0.01
大亨路	da heng lu	road	0.05
大享路	da xiang lu	road	0.00
大佳街	da jia jie	road	0.00
大光街	da guang jie	road	0.04
大北路	da bei lu	road	0.15
大南路	da nan lu	road	0.79
大同區大同街	da tong qu da tong jie	road	0.00
大同街	da tong jie	road	1.03
大同里大同街	da tong li da tong jie	road	0.00
大坑街	da keng jie	road	0.06
大埔產業道路	da bu chan ye dao lu	road	0.00
大埔街	da pu jie	road	0.72
大安路	da an lu	road	2.72
大屯產業道路	da tun chan ye dao lu	road	0.00
大屯路	da tun lu	road	0.02
大度路	da du lu	road	1.09
大東路	da dong lu	road	0.63
大某街	da mou jie	road	0.01
大業路	da ye lu	road	1.76
大業路怡和巷	da ye lu yi he xiang	road	0.00
大湖山莊街	da hu shan zhuang jie	road	0.70
大湖街	da hu jie	road	0.52
大理街	da li jie	road	0.34
大直街	da zhi jie	road	0.92
大興街	da xing jie	road	0.34
大西路	da xi lu	road	0.00
大道路	da dao lu	road	1.18
大里街	da li jie	road	0.02
大龍街	da long jie	road	0.73
天主巷	tian zhu xiang	road	0.00
天母一路	tian mu yi lu	road	0.00
天母七路	tian mu qi lu	road	0.00
天母三路	tian mu san lu	road	0.00
天母二路	tian mu er lu	road	0.00
天母五路	tian mu wu lu	road	0.00
天母六路	tian mu liu lu	road	0.00
天母北路	tian mu bei lu	road	0.21
天母快速道路	tian mu kuai su dao lu	road	0.02
天母東路	tian mu dong lu	road	0.63
天母西路	tian mu xi lu	road	0.52
天水路	tian shui lu	road	0.35
天津街	tian jin jie	road	0.85
天玉街	tian yu jie	road	0.67
天祥路	tian xiang lu	road	0.27
太原路	tai yuan lu	road	2.52
奇岩路	qi yan lu	road	0.06
奉賢路	feng xian lu	road	0.07
孔子大道	kong zi da dao	road	0.02
學園路	xue yuan lu	road	0.50
安和路	an he lu	road	5.15
安居街	an ju jie	road	0.24
安平街	an ping jie	road	0.36
安康路	an kang lu	road	0.92
安東街	an dong jie	road	0.74
安泰街	an tai jie	road	0.18
安美街	an mei jie	road	0.01
安興街	an xing jie	road	0.03
安西街	an xi jie	road	0.36
宜山路	yi shan lu	road	0.16
宜興街	yi xing jie	road	0.02
富山路	fu shan lu	road	0.06
富康街	fu kang jie	road	0.06
富民街	fu min jie	road	0.01
富民路	fu min lu	road	0.68
富貴一路	fu gui yi lu	road	0.01
富貴街	fu gui jie	road	0.07
富錦街	fu jin jie	road	1.41
富陽街	fu yang jie	road	0.24
實踐街	shi jian jie	road	0.39
寧夏路	ning xia lu	road	1.31
寧安街	ning an jie	road	0.11
寧波東街	ning bo dong jie	road	0.11
寧波西街	ning bo xi jie	road	0.56
寶儀路	bao yi lu	road	0.00
寶慶路	bao qing lu	road	0.83
寶清街	bao qing jie	road	0.12
寶興街	bao xing jie	road	0.10
寶高路	bao gao lu	road	0.07
尊賢街	zun xian jie	road	0.29
小北街	xiao bei jie	road	0.27
小南街	xiao nan jie	road	0.06
小東街	xiao dong jie	road	0.07
小西街	xiao xi jie	road	0.17
小西路	xiao xi lu	road	0.00
峨嵋街	e mei jie	road	0.51
峨眉街	e mei jie	road	0.29
崇仁路	chong ren lu	road	0.12
崇仰一路	chong yang yi lu	road	0.02
崇仰七路	chong yang qi lu	road	0.01
崇仰三路	chong yang san lu	road	0.00
崇仰九路	chong yang jiu lu	road	0.00
崇仰二路	chong yang er lu	road	0.00
崇仰五路	chong yang wu lu	road	0.00
崇仰六路	chong yang liu lu	road	0.00
崇仰四路	chong yang si lu	road	0.00
崇仰路	chong yang lu	road	0.00
崇實路	chong shi lu	road	0.00
崇德街	chong de jie	road	1.00
崗山路	gang shan lu	road	0.03
巴拉卡公路	ba la ka gong lu	road	0.51
市府路	shi fu lu	road	1.67
市民大道	shi min da dao	road	8.39
市民大道高架道路	shi min da dao gao jia dao lu	road	0.05
師大路	shi da lu	road	2.27
常德街	chang de jie	road	0.37
平東路	ping dong lu	road	7.11
平溪產業道路	ping xi chan ye dao lu	road	0.01
平菁街	ping jing jie	road	1.41
平菁路	ping jing lu	road	0.04
平陽街	ping yang jie	road	0.06
平青街	ping qing jie	road	0.00
年青街	nian qing jie	road	0.01
幸福街	xing fu jie	road	0.21
幽雅路	you ya lu	road	0.29
府前街	fu qian jie	road	0.20
府後街	fu hou jie	road	0.53
府直街	fu zhi jie	road	0.01
庫倫街	ku lun jie	road	0.32
康定路	kang ding lu	road	0.92
康寧街	kang ning jie	road	0.76
康寧路	kang ning lu	road	1.30
康樂巷	kang le xiang	road	0.01
康樂街	kang le jie	road	2.13
康湖路	kang hu lu	road	0.12
廈門街	xia men jie	road	1.40
廣州街	guang zhou jie	road	2.83
延吉街	yan ji jie	road	3.69
延壽街	yan shou jie	road	0.58
延平北路	yan ping bei lu	road	4.05
延平南路	yan ping nan lu	road	1.21
建國北路	jian guo bei lu	road	2.28
建國南路	jian guo nan lu	road	1.81
建國街	jian guo jie	road	0.16
建國高架道路	jian guo gao jia dao lu	road	0.29
建業路	jian ye lu	road	0.15
建民路	jian min lu	road	0.07
弘道街	hong dao jie	road	0.02
後港街	hou gang jie	road	0.13
後街	hou jie	road	5.01
徐州路	xu zhou lu	road	1.52
復國街	fu guo jie	road	0.00
復國路	fu guo lu	road	0.47
復興一路	fu xing yi lu	road	0.47
復興三路	fu xing san lu	road	0.88
復興二路	fu xing er lu	road	0.43
復興北路	fu xing bei lu	road	2.72
復興南路	fu xing nan lu	road	4.01
復興四路	fu xing si lu	road	0.12
復興路	fu xing lu	road	11.63
德惠街	de hui jie	road	0.86
德昌街	de chang jie	road	0.07
德行東路	de xing dong lu	road	0.41
德行西路	de xing xi lu	road	0.29
志成街	zhi cheng jie	road	0.00
忠三街	zhong san jie	road	0.05
忠二街	zhong er jie	road	0.02
忠勇街	zhong yong jie	road	0.17
忠孝東路	zhong xiao dong lu	road	19.16
忠孝西路	zhong xiao xi lu	road	4.46
忠孝西路高架道路	zhong xiao xi lu gao jia dao lu	road	0.00
忠義街	zhong yi jie	road	0.76
忠義路	zhong yi lu	road	2.65
忠誠路	zhong cheng lu	road	1.37
忠順街	zhong shun jie	road	0.19
思源街	si yuan jie	road	0.36
怡和巷	yi he xiang	road	0.00
恆光街	heng guang jie	road	0.12
惠安街	hui an jie	road	0.08
惠民街	hui min jie	road	0.03
愛國東路	ai guo dong lu	road	1.25
愛國西路	ai guo xi lu	road	1.42
愛富一街	ai fu yi jie	road	0.00
愛富三街	ai fu san jie	road	0.04
愛富三街長生巷	ai fu san jie chang sheng xiang	road	0.00
愛富二街	ai fu er jie	road	0.00
愛富二街厚生巷	ai fu er jie hou sheng xiang	road	0.00
愛富二街樂生巷	ai fu er jie le sheng xiang	road	0.00
慶城街	qing cheng jie	road	1.50
懷寧街	huai ning jie	road	0.71
懷德街	huai de jie	road	0.69
成功路	cheng gong lu	road	14.38
成福路	cheng fu lu	road	0.17
成都路	cheng du lu	road	2.30
承德路	cheng de lu	road	4.75
指南路	zhi nan lu	road	1.29
振興街	zhen xing jie	road	0.04
振華街	zhen hua jie	road	0.00
撫遠街	fu yuan jie	road	0.50
撫順街	fu shun jie	road	0.28
攤姆東路	tan mu dong lu	road	0.00
政大一街	zheng da yi jie	road	0.09
政大三街	zheng da san jie	road	0.00
政大二街	zheng da er jie	road	0.06
故宮路	gu gong lu	road	0.09
敦化北路	dun hua bei lu	road	3.16
敦化南路	dun hua nan lu	road	6.77
敦南街	dun nan jie	road	0.05
敦煌路	dun huang lu	road	0.15
敬業一路	jing ye yi lu	road	0.07
敬業三路	jing ye san lu	road	0.31
敬業二路	jing ye er lu	road	0.15
敬業四路	jing ye si lu	road	0.03
文化一路	wen hua yi lu	road	1.23
文化三路	wen hua san lu	road	1.02
文化二路	wen hua er lu	road	0.72
文化五路	wen hua wu lu	road	0.00
文德路	wen de lu	road	0.70
文承路	wen cheng lu	road	0.01
文昌街	wen chang jie	road	1.51
文昌路	wen chang lu	road	0.73
文林北路	wen lin bei lu	road	0.36
文林路	wen lin lu	road	1.49
文湖街	wen hu jie	road	0.17
新中街	xin zhong jie	road	0.25
新光路	xin guang lu	road	1.33
新園街	xin yuan jie	road	0.03
新園路	xin yuan lu	road	0.05
新安路	xin an lu	road	0.22
新富街	xin fu jie	road	0.01
新市街	xin shi jie	road	0.65
新店街	xin dian jie	road	0.17
新建巷	xin jian xiang	road	0.04
新明路	xin ming lu	road	0.50
新東街	xin dong jie	road	0.45
新民街	xin min jie	road	1.01
新民路	xin min lu	road	0.98
新湖一路	xin hu yi lu	road	0.19
新湖三路	xin hu san lu	road	0.17
新湖二路	xin hu er lu	road	0.21
新生北路	xin sheng bei lu	road	1.95
新生南路	xin sheng nan lu	road	4.87
新生巷	xin sheng xiang	road	0.04
新生街	xin sheng jie	road	0.78
新生高架道路	xin sheng gao jia dao lu	road	0.17
新興路	xin xing lu	road	3.14
新豐街	xin feng jie	road	0.74
新起街	xin qi jie	road	0.14
昆明街	kun ming jie	road	1.44
昆陽街	kun yang jie	road	0.11
昌吉街	chang ji jie	road	0.34
明德路	ming de lu	road	1.16
明水路	ming shui lu	road	0.94
明溪街	ming xi jie	road	0.00
星雲街	xing yun jie	road	0.22
春崎產業道路	chun qi chan ye dao lu	road	0.01
晉江街	jin jiang jie	road	0.12
景中街	jing zhong jie	road	0.11
景仁街	jing ren jie	road	0.01
景化街	jing hua jie	road	0.02
景平路	jing ping lu	road	2.41
景後街	jing hou jie	road	0.04
景文街	jing wen jie	road	0.45
景明街	jing ming jie	road	0.02
景福街	jing fu jie	road	0.29
景美街	jing mei jie	road	0.32
景興路	jing xing lu	road	0.45
景華街	jing hua jie	road	0.18
景豐街	jing feng jie	road	0.00
景隆街	jing long jie	road	0.27
景雲街	jing yun jie	road	0.00
曾子路	zeng zi lu	road	0.11
木新路	mu xin lu	road	0.87
木柵路	mu zha lu	road	2.32
朱子路	zhu zi lu	road	0.00
朱崙街	zhu lun jie	road	0.53
李厝街	li cuo jie	road	0.00
杏林一路	xing lin yi lu	road	0.01
杏林三路	xing lin san lu	road	0.01
杏林二路	xing lin er lu	road	0.00
杏林巷	xing lin xiang	road	0.02
杭州北路	hang zhou bei lu	road	0.07
杭州南路	hang zhou nan lu	road	2.25
東南街	dong nan jie	road	0.60
東園街	dong yuan jie	road	0.47
東寧路	dong ning lu	road	1.84
東山路	dong shan lu	road	1.97
東新街	dong xin jie	road	0.29
東昇路	dong sheng lu	road	0.13
東明街	dong ming jie	road	0.05
東湖路	dong hu lu	road	1.17
東興路	dong xing lu	road	2.58
東華街	dong hua jie	road	0.26
東豐街	dong feng jie	road	0.44
東陽街	dong yang jie	road	0.07
松仁路	song ren lu	road	1.69
松信路	song xin lu	road	0.07
松勇路	song yong lu	road	0.10
松勤街	song qin jie	road	0.12
松勤路	song qin lu	road	0.09
松壽路	song shou lu	road	1.14
松山路	song shan lu	road	1.13
松平路	song ping lu	road	0.09
松廉路	song lian lu	road	0.09
松德路	song de lu	road	0.62
松智路	song zhi lu	road	0.67
松江路	song jiang lu	road	4.36
松河街	song he jie	road	0.12
松隆路	song long lu	road	0.27
松高路	song gao lu	road	0.70
林口街	lin kou jie	road	0.13
林文路	lin wen lu	road	0.00
林森北路	lin sen bei lu	road	7.79
林森南路	lin sen nan lu	road	1.42
林森路	lin sen lu	road	9.17
柳州街	liu zhou jie	road	0.27
格致路	ge zhi lu	road	0.11
桂林路	gui lin lu	road	0.86
桃源街	tao yuan jie	road	0.72
梧州街	wu zhou jie	road	0.44
植福路	zhi fu lu	road	0.06
榮華一路	rong hua yi lu	road	0.00
榮華三路	rong hua san lu	road	0.02
榮華二路	rong hua er lu	road	0.00
樂利街	le li jie	road	0.01
樂利路	le li lu	road	0.26
樂業街	le ye jie	road	0.27
樂生巷	le sheng xiang	road	0.01
樂群一路	le qun yi lu	road	0.21
樂群三路	le qun san lu	road	0.21
樂群二路	le qun er lu	road	0.28
樟新街	zhang xin jie	road	0.02
樹林路	shu lin lu	road	0.13
橫科路	heng ke lu	road	0.12
武成街	wu cheng jie	road	0.27
武昌街	wu chang jie	road	2.59
歸綏街	gui sui jie	road	0.70
民和街	min he jie	road	0.27
民善街	min shan jie	road	0.05
民善路	min shan lu	road	0.02
民安巷	min an xiang	road	0.00
民族東路	min zu dong lu	road	1.03
民族街	min zu jie	road	0.28
民族西路	min zu xi lu	road	0.65
民樂街	min le jie	road	0.84
民權東路	min quan dong lu	road	4.06
民權街	min quan jie	road	0.93
民生東路	min sheng dong lu	road	5.36
民生西路	min sheng xi lu	road	1.81
水二溪路	shui er xi lu	road	0.00
水源快速道路	shui yuan kuai su dao lu	road	0.72
水源路	shui yuan lu	road	1.72
水源路臨	shui yuan lu lin	road	0.00
永保街	yong bao jie	road	0.00
永保路	yong bao lu	road	0.00
永公路	yong gong lu	road	0.20
永吉路	yong ji lu	road	1.74
永安街	yong an jie	road	0.59
永平街	yong ping jie	road	0.36
永康街	yong kang jie	road	9.64
永昌街	yong chang jie	road	0.07
永春街	yong chun jie	road	0.15
永福街	yong fu jie	road	0.05
永綏街	yong sui jie	road	0.03
永興路	yong xing lu	road	0.29
汀州街	ting zhou jie	road	0.03
汀州路	ting zhou lu	road	1.93
求志路	qiu zhi lu	road	0.00
汐碇路	xi ding lu	road	0.14
汕頭街	shan tou jie	road	0.17
江南街	jiang nan jie	road	1.16
沅陵街	yuan ling jie	road	0.22
泉州街	quan zhou jie	road	0.65
泉源路	quan yuan lu	road	0.33
泰安街	tai an jie	road	0.16
泰山街	tai shan jie	road	0.07
泰順街	tai shun jie	road	1.05
洛陽街	luo yang jie	road	0.51
洲子街	zhou zi jie	road	0.37
洲美快速道路	zhou mei kuai su dao lu	road	0.36
洲美街	zhou mei jie	road	0.17
浦城街	pu cheng jie	road	0.65
涼州街	liang zhou jie	road	0.71
深坑端	shen keng duan	road	0.02
清江路	qing jiang lu	road	0.08
渭水路	wei shui lu	road	0.06
港墘路	gang qian lu	road	0.57
港東街	gang dong jie	road	0.02
港漧路	gang qian lu	road	0.00
港華街	gang hua jie	road	0.03
湖口街	hu kou jie	road	0.11
湖山路	hu shan lu	road	0.31
湖底路	hu di lu	road	0.10
湯元巷	tang yuan xiang	road	0.08
溪口街	xi kou jie	road	0.04
溪州街	xi zhou jie	road	0.01
溪洲街	xi zhou jie	road	0.02
溫州街	wen zhou jie	road	2.21
溫泉路	wen quan lu	road	1.43
溫泉路銀光巷	wen quan lu yin guang xiang	road	0.02
漢中街	han zhong jie	road	0.63
漢口街	han kou jie	road	1.50
潭美街	tan mei jie	road	0.10
潮州街	chao zhou jie	road	1.13
濟南路	ji nan lu	road	3.07
濱江街	bin jiang jie	road	1.09
牯嶺街	gu ling jie	road	4.25
猴洞產業道路	hou dong chan ye dao lu	road	0.03
玉成街	yu cheng jie	road	0.23
玉門街	yu men jie	road	0.46
珠海路	zhu hai lu	road	0.09
瑞光路	rui guang lu	road	2.68
瑞安街	rui an jie	road	1.78
瑞湖街	rui hu jie	road	0.14
瑞雲街	rui yun jie	road	0.00
環山路	huan shan lu	road	1.12
環東大道	huan dong da dao	road	0.73
環河北路	huan he bei lu	road	0.83
環河南路	huan he nan lu	road	1.23
環河快速道路	huan he kuai su dao lu	road	1.15
甘州街	gan zhou jie	road	0.29
甘谷街	gan gu jie	road	0.03
登山路	deng shan lu	road	7.93
百拉卡公路	bai la ka gong lu	road	0.08
百齡三路	bai ling san lu	road	0.00
百齡五路	bai ling wu lu	road	0.01
百齡四路	bai ling si lu	road	0.04
百齡路	bai ling lu	road	0.00
知行路	zhi xing lu	road	0.23
石仙路	shi xian lu	road	0.00
石壇路	shi tan lu	road	0.01
石子路	shi zi lu	road	3.21
石潭路	shi tan lu	road	0.14
石牌路	shi pai lu	road	0.91
研究院路	yan jiu yuan lu	road	0.87
碧山路	bi shan lu	road	0.67
碧溪產業道路	bi xi chan ye dao lu	road	0.07
磺港路	huang gang lu	road	0.16
磺溪街	huang xi jie	road	0.02
磺田路	huang tian lu	road	0.00
社中街	she zhong jie	road	0.08
社子一街	she zi yi jie	road	0.00
社子九街	she zi jiu jie	road	0.00
社子二十二街	she zi er shi er jie	road	0.00
社子二十四街	she zi er shi si jie	road	0.00
社子二十街	she zi er shi jie	road	0.00
社子五街	she zi wu jie	road	0.00
社子八街	she zi ba jie	road	0.00
社子六街	she zi liu jie	road	0.00
社子十一街	she zi shi yi jie	road	0.00
社子十七街	she zi shi qi jie	road	0.00
社子十九街	she zi shi jiu jie	road	0.00
社子十二街	she zi shi er jie	road	0.00
社子十八街	she zi shi ba jie	road	0.00
社子十六街	she zi shi liu jie	road	0.00
社子十街	she zi shi jie	road	0.00
社子街	she zi jie	road	0.01
社正路	she zheng lu	road	0.01
祥雲街	xiang yun jie	road	0.02
福善路	fu shan lu	road	0.03
福國路	fu guo lu	road	0.43
福壽街	fu shou jie	road	1.89
福山街	fu shan jie	road	0.05
福州街	fu zhou jie	road	0.30
福德街	fu de jie	road	0.84
福德路	fu de lu	road	0.43
福志路	fu zhi lu	road	0.00
福林路	fu lin lu	road	0.56
福榮街	fu rong jie	road	0.27
福港街	fu gang jie	road	0.09
福爾摩莎高速公路	fu er mo sha gao su gong lu	road	0.00
福美路	fu mei lu	road	0.17
福興路	fu xing lu	road	0.64
福華路	fu hua lu	road	0.31
福音大道	fu yin da dao	road	0.01
秀山街	xiu shan jie	road	0.08
秀山路	xiu shan lu	road	0.13
秀明路	xiu ming lu	road	0.19
稻香路	dao xiang lu	road	0.37
立功街	li gong jie	road	0.07
立功路	li gong lu	road	0.06
立德街	li de jie	road	0.33
立德路	li de lu	road	0.20
立賢路	li xian lu	road	0.32
立農街	li nong jie	road	0.37
竹子湖路	zhu zi hu lu	road	0.37
粉寮街	fen liao jie	road	0.00
紗帽路	sha mao lu	road	0.25
紫雲街	zi yun jie	road	0.54
紹安街	shao an jie	road	0.02
紹興北街	shao xing bei jie	road	0.15
紹興南街	shao xing nan jie	road	0.39
經園街	jing yuan jie	road	0.03
經貿一路	jing mao yi lu	road	0.07
經貿二路	jing mao er lu	road	0.54
羅斯福路	luo si fu lu	road	9.51
美崙街	mei lun jie	road	0.08
美德街	mei de jie	road	0.29
義方街	yi fang jie	road	0.00
義理街	yi li jie	road	0.04
翠宜路	cui yi lu	road	0.00
翠山街	cui shan jie	road	0.01
翠嶺路	cui ling lu	road	0.07
翠華街	cui hua jie	road	0.01
翠雲街	cui yun jie	road	0.02
老泉街	lao quan jie	road	0.29
聖景路	sheng jing lu	road	0.01
育仁路	yu ren lu	road	0.03
育英街	yu ying jie	road	0.15
臥龍街	wo long jie	road	0.67
臨江街	lin jiang jie	road	1.44
臨沂街	lin yi jie	road	0.86
臨溪路	lin xi lu	road	0.09
自強街	zi qiang jie	road	0.71
自祥街	zi xiang jie	road	0.00
自立路	zi li lu	road	1.01
至善路	zhi shan lu	road	2.10
至城路	zhi cheng lu	road	0.00
至誠路	zhi cheng lu	road	0.07
致遠一路	zhi yuan yi lu	road	0.09
致遠三路	zhi yuan san lu	road	0.01
致遠二路	zhi yuan er lu	road	0.04
致遠路	zhi yuan lu	road	0.00
興中路	xing zhong lu	road	0.43
興南街	xing nan jie	road	0.72
興城街	xing cheng jie	road	0.17
興安街	xing an jie	road	0.78
興寧街	xing ning jie	road	0.05
興德路	xing de lu	road	0.12
興東街	xing dong jie	road	0.06
興義街	xing yi jie	road	0.03
興華路	xing hua lu	road	0.25
興隆路	xing long lu	road	3.69
興雅路	xing ya lu	road	0.20
興順街	xing shun jie	road	0.07
舊宗街	jiu zong jie	road	0.00
舊宗路	jiu zong lu	road	0.94
舊莊街	jiu zhuang jie	road	0.14
舟山路	zhou shan lu	road	0.54
艋舺大道	meng jia da dao	road	0.85
芝玉路	zhi yu lu	road	0.01
芳蘭路	fang lan lu	road	0.07
荀子大道	xun zi da dao	road	0.00
草地尾路	cao di wei lu	road	0.00
草湳產業道路	cao nan chan ye dao lu	road	0.00
莊敬路	zhuang jing lu	road	2.30
莊頂路	zhuang ding lu	road	0.02
莒光路	ju guang lu	road	1.51
菁山路	jing shan lu	road	0.38
菁礐路	jing que lu	road	0.00
華亭街	hua ting jie	road	0.14
華光街	hua guang jie	road	0.00
華南巷	hua nan xiang	road	0.00
華岡路	hua gang lu	road	0.13
華榮街	hua rong jie	road	0.11
華聲街	hua sheng jie	road	0.00
華興街	hua xing jie	road	0.46
華西街	hua xi jie	road	3.99
華陰街	hua yin jie	road	1.71
華齡街	hua ling jie	road	0.05
菸廠路	yan chang lu	road	0.30
萬全街	wan quan jie	road	0.12
萬利街	wan li jie	road	0.00
萬和街	wan he jie	road	0.02
萬壽路	wan shou lu	road	1.86
萬大路	wan da lu	road	0.98
萬安街	wan an jie	road	0.54
萬寧街	wan ning jie	road	0.07
萬慶街	wan qing jie	road	0.07
萬溪左線產業道路	wan xi zuo xian chan ye dao lu	road	0.00
萬溪產業道路	wan xi chan ye dao lu	road	0.05
萬盛街	wan sheng jie	road	0.06
萬美街	wan mei jie	road	0.07
萬芳路	wan fang lu	road	0.35
萬隆街	wan long jie	road	0.08
萬青街	wan qing jie	road	0.00
葫東街	hu dong jie	road	0.01
葫蘆街	hu lu jie	road	0.01
蔣渭水高速公路	jiang wei shui gao su gong lu	road	0.14
蘭州街	lan zhou jie	road	0.23
虎林街	hu lin jie	road	0.88
行善路	xing shan lu	road	0.36
行忠路	xing zhong lu	road	0.07
行愛路	xing ai lu	road	0.12
行義路	xing yi lu	road	0.85
衡陽路	heng yang lu	road	2.03
裕民一路	yu min yi lu	road	0.04
裕民三路	yu min san lu	road	0.01
裕民二路	yu min er lu	road	0.04
裕民六路	yu min liu lu	road	0.02
裕民四路	yu min si lu	road	0.01
襄陽路	xiang yang lu	road	0.71
西園街	xi yuan jie	road	0.01
西園路	xi yuan lu	road	1.38
西安街	xi an jie	road	0.71
西寧北路	xi ning bei lu	road	0.40
西寧南路	xi ning nan lu	road	1.28
西昌街	xi chang jie	road	0.73
西藏路	xi zang lu	road	0.76
許昌街	xu chang jie	road	0.39
詔安街	zhao an jie	road	0.07
試院路	shi yuan lu	road	0.31
豐年路	feng nian lu	road	0.20
貴富街	gui fu jie	road	0.01
貴德街	gui de jie	road	0.49
貴陽街	gui yang jie	road	1.56
赤峰街	chi feng jie	road	4.54
車前路	che qian lu	road	0.24
軍功路	jun gong lu	road	0.48
辛亥路	xin hai lu	road	2.72
農安街	nong an jie	road	1.23
農業道路	nong ye dao lu	road	0.07
迪化街	di hua jie	road	18.18
通化街	tong hua jie	road	2.77
通北街	tong bei jie	road	0.03
通安街	tong an jie	road	0.07
通河東街	tong he dong jie	road	0.02
通河街	tong he jie	road	0.22
通河西街	tong he xi jie	road	0.11
連雲街	lian yun jie	road	0.14
進賢路	jin xian lu	road	0.04
逸仙路	yi xian lu	road	0.59
遼寧街	liao ning jie	road	1.18
鄭州街	zheng zhou jie	road	0.14
鄭州路	zheng zhou lu	road	0.78
酉陽街	you yang jie	road	0.09
酒泉街	jiu quan jie	road	0.38
釋迦大道	shi jia da dao	road	0.00
重三路	chong san lu	road	0.02
重慶北	chong qing bei	road	4.33
重慶北路	chong qing bei lu	road	3.57
重慶南路	chong qing nan lu	road	5.03
重陽路	chong yang lu	road	0.84
金山北路	jin shan bei lu	road	0.12
金山南路	jin shan nan lu	road	2.26
金山街	jin shan jie	road	5.06
金湖路	jin hu lu	road	0.38
金莊路	jin zhuang lu	road	0.04
金華街	jin hua jie	road	2.85
金豐街	jin feng jie	road	0.03
金門街	jin men jie	road	1.23
金龍產業道路	jin long chan ye dao lu	road	0.10
金龍路	jin long lu	road	0.59
銀光巷	yin guang xiang	road	0.18
銅山街	tong shan jie	road	0.14
錦州街	jin zhou jie	road	1.69
錦西街	jin xi jie	road	0.60
錫安巷	xi an xiang	road	0.02
鎮江街	zhen jiang jie	road	0.34
長壽路	chang shou lu	road	0.41
長安東路	chang an dong lu	road	2.66
長安西路	chang an xi lu	road	1.35
長安里大同街	chang an li da tong jie	road	0.00
長春街	chang chun jie	road	1.02
長春路	chang chun lu	road	3.02
長沙街	chang sha jie	road	0.50
長泰街	chang tai jie	road	0.16
長生巷	chang sheng xiang	road	0.05
長興街	chang xing jie	road	0.47
長青路	chang qing lu	road	0.16
長順街	chang shun jie	road	0.18
開元街	kai yuan jie	road	0.10
開封街	kai feng jie	road	1.26
開明街	kai ming jie	road	0.02
關渡路	guan du lu	road	0.06
防汛道路	fang xun dao lu	road	1.56
阿柔洋產業道路	a rou yang chan ye dao lu	road	0.14
陽光街	yang guang jie	road	0.41
陽明路	yang ming lu	road	0.51
陽金公路	yang jin gong lu	road	1.80
陽關大道	yang guan da dao	road	0.12
隆昌街	long chang jie	road	0.05
隱潭路	yin tan lu	road	0.00
雅江街	ya jiang jie	road	0.03
集英街	ji ying jie	road	0.07
雙全街	shuang quan jie	road	0.00
雙和街	shuang he jie	road	0.19
雙園街	shuang yuan jie	road	0.07
雙城街	shuang cheng jie	road	2.32
雙溪產業道路	shuang xi chan ye dao lu	road	0.01
雙溪街	shuang xi jie	road	0.03
雙連街	shuang lian jie	road	0.45
雨聲街	yu sheng jie	road	0.20
雨農路	yu nong lu	road	0.22
雲和街	yun he jie	road	0.35
青島東路	qing dao dong lu	road	2.96
青島西路	qing dao xi lu	road	0.16
青年路	qing nian lu	road	3.77
青春嶺路	qing chun ling lu	road	0.00
青田街	qing tian jie	road	2.15
青雲街	qing yun jie	road	0.06
青雲路	qing yun lu	road	1.22
頂新街	ding xin jie	road	0.04
館前路	guan qian lu	road	2.06
饒河街	rao he jie	road	4.26
香丘巷	xiang qiu xiang	road	0.00
麗山街	li shan jie	road	0.14
麗水街	li shui jie	road	0.90
齊東街	qi dong jie	road	0.40
龍江路	long jiang lu	road	1.01
龍泉街	long quan jie	road	0.54
龍華街	long hua jie	road	0.47
七股	qi gu	settlement	27.26
三塊厝	san kuai cuo	settlement	1.56
三腦寮	san nao liao	settlement	0.00
上半嶺	shang ban ling	settlement	0.01
上塔悠	shang ta you	settlement	0.03
上天宮	shang tian gong	settlement	0.17
上灣子	shang wan zi	settlement	0.00
下七股	xia qi gu	settlement	0.37
下八仙	xia ba xian	settlement	0.07
下半嶺	xia ban ling	settlement	0.02
下厝	xia cuo	settlement	0.60
下塔悠	xia ta you	settlement	0.07
下寮	xia liao	settlement	1.13
下崙尾	xia lun wei	settlement	0.00
下灣子	xia wan zi	settlement	0.01
下竹林	xia zhu lin	settlement	0.32
下莊子	xia zhuang zi	settlement	0.03
世貿中心	shi mao zhong xin	settlement	4.90
中八仙	zhong ba xian	settlement	0.22
中坡	zhong po	settlement	0.74
中央日報	zhong yang ri bao	settlement	10.95
中央社區	zhong yang she qu	settlement	0.35
中山分局	zhong shan fen ju	settlement	1.17
中崙尾	zhong lun wei	settlement	0.02
中庸	zhong yong	settlement	23.13
中泰賓館	zhong tai bin guan	settlement	0.36
中華電視台	zhong hua dian shi tai	settlement	0.14
中華電視臺	zhong hua dian shi tai	settlement	0.04
中青礐	zhong qing que	settlement	0.03
乾坑子	qian keng zi	settlement	0.00
二崎	er qi	settlement	0.10
五分	wu fen	settlement	226.56
五分埔	wu fen pu	settlement	3.21
交通部運輸研究所	jiao tong bu yun shu yan jiu suo	settlement	0.80
信義區行政中心	xin yi qu xing zheng zhong xin	settlement	0.11
內寮	nei liao	settlement	1.09
內屋	nei wu	settlement	3.88
內溝	nei gou	settlement	2.35
內雙溪	nei shuang xi	settlement	0.76
公平交易委員會	gong ping jiao yi wei yuan hui	settlement	3.98
公賣局倉庫	gong mai ju cang ku	settlement	0.03
公館地	gong guan di	settlement	0.44
公館後	gong guan hou	settlement	0.15
冷水坑	leng shui keng	settlement	3.46
冷水坑遊客服務中心	leng shui keng you ke fu wu zhong xin	settlement	0.02
凌雲五村	ling yun wu cun	settlement	0.22
力行新村	li xing xin cun	settlement	0.29
勞工育樂中心	lao gong yu le zhong xin	settlement	0.80
北勢湖	bei shi hu	settlement	0.02
北投文物館	bei tou wen wu guan	settlement	1.77
十八分	shi ba fen	settlement	3.21
十四分	shi si fen	settlement	2.53
半嶺	ban ling	settlement	0.61
南港區經貿園區	nan gang qu jing mao yuan qu	settlement	0.01
台北	tai bei	settlement	3262.63
台北市政府行政大樓	tai bei shi zheng fu xing zheng da lou	settlement	0.00
台北酒廠	tai bei jiu chang	settlement	0.22
台灣士林地方法院	tai wan shi lin di fang fa yuan	settlement	0.20
台肥公誠一村	tai fei gong cheng yi cun	settlement	0.00
名門社區	ming men she qu	settlement	0.01
后山崎	hou shan qi	settlement	0.00
吳興國宅	wu xing guo zhai	settlement	0.00
四分子	si fen zi	settlement	0.22
國光山莊	guo guang shan zhuang	settlement	0.00
國立編譯館	guo li bian yi guan	settlement	2.10
國貿局	guo mao ju	settlement	2.41
國際會議中心	guo ji hui yi zhong xin	settlement	11.85
圓山二村	yuan shan er cun	settlement	0.00
圓山仔	yuan shan zi	settlement	0.05
土地公埔	tu di gong pu	settlement	0.03
土埤腳	tu pi jiao	settlement	0.00
地政事務所	di zheng shi wu suo	settlement	17.08
地熱谷	di re gu	settlement	4.31
坡內坑	po nei keng	settlement	0.01
埤腹	pi fu	settlement	0.06
外雙溪	wai shuang xi	settlement	3.34
大同區行政中心	da tong qu xing zheng zhong xin	settlement	0.06
大同新村	da tong xin cun	settlement	0.02
大坑	da keng	settlement	31.06
大塔悠	da ta you	settlement	0.00
大安區行政中心	da an qu xing zheng zhong xin	settlement	0.04
大屯山莊	da tun shan zhuang	settlement	0.00
大嶺	da ling	settlement	2.55
大嶺頭	da ling tou	settlement	0.09
大春山莊	da chun shan zhuang	settlement	0.05
大湖山莊	da hu shan zhuang	settlement	1.03
大莊子	da zhuang zi	settlement	0.03
大邱田	da qiu tian	settlement	0.15
天母游泳池	tian mu you yong chi	settlement	0.02
太平尾	tai ping wei	settlement	0.00
太陽谷	tai yang gu	settlement	0.54
奇岩新村	qi yan xin cun	settlement	0.01
婦聯五村	fu lian wu cun	settlement	0.01
婦聯四村	fu lian si cun	settlement	0.00
守信橋	shou xin qiao	settlement	0.00
密婆坑	mi po keng	settlement	0.00
尖頭	jian tou	settlement	13.11
尾崙	wei lun	settlement	0.13
山仔后	shan zi hou	settlement	0.51
山子頂	shan zi ding	settlement	0.16
山豬湖	shan zhu hu	settlement	0.92
山豬窟	shan zhu ku	settlement	0.87
岐山	qi shan	settlement	8.54
崙子尾	lun zi wei	settlement	0.00
嶺下	ling xia	settlement	1.43
嶺頭	ling tou	settlement	1.69
干城新村	gan cheng xin cun	settlement	0.00
待老坑	dai lao keng	settlement	0.26
後山	hou shan	settlement	34.42
後港墘	hou gang qian	settlement	0.03
後湖	hou hu	settlement	3.12
忠義新村	zhong yi xin cun	settlement	0.41
忠駝國宅	zhong tuo guo zhai	settlement	0.29
成功國宅	cheng gong guo zhai	settlement	1.10
拔子埔	ba zi pu	settlement	0.00
指南宮	zhi nan gong	settlement	3.73
挹翠山莊	yi cui shan zhuang	settlement	0.20
擎天崗	qing tian gang	settlement	6.53
擷翠新村	jie cui xin cun	settlement	0.00
新光三越	xin guang san yue	settlement	63.72
新厝	xin cuo	settlement	1.67
新圳頭	xin zun tou	settlement	0.06
新坡尾	xin po wei	settlement	0.01
新埤	xin pi	settlement	2.24
新安	xin an	settlement	59.29
新村	xin cun	settlement	63.05
新興	xin xing	settlement	436.15
新隆	xin long	settlement	1.23
木尾	mu wei	settlement	0.13
東勢	dong shi	settlement	33.33
林子口	lin zi kou	settlement	0.03
桃源社區	tao yuan she qu	settlement	0.10
棲霞山莊	qi xia shan zhuang	settlement	0.19
榮星花園	rong xing hua yuan	settlement	1.55
榮民服務中心	rong min fu wu zhong xin	settlement	0.02
樟湖	zhang hu	settlement	3.43
水尾	shui wei	settlement	6.10
水尾潭	shui wei tan	settlement	0.03
水磨坑	shui mo keng	settlement	0.07
永嶺	yong ling	settlement	0.05
永春寮	yong chun liao	settlement	0.09
永興新村	yong xing xin cun	settlement	0.00
江厝	jiang cuo	settlement	0.22
治磐社區	zhi pan she qu	settlement	0.00
洲仔	zhou zi	settlement	1.38
洲尾	zhou wei	settlement	0.20
洲美	zhou mei	settlement	12.21
活動中心	huo dong zhong xin	settlement	57.70
浮洲子	fu zhou zi	settlement	0.02
清白新村	qing bai xin cun	settlement	0.01
渡船頭	du chuan tou	settlement	4.41
游厝	you cuo	settlement	0.01
湖底	hu di	settlement	6.21
溝子口	gou zi kou	settlement	0.24
溪子口	xi zi kou	settlement	0.02
溪洲底	xi zhou di	settlement	0.06
溪砂尾	xi sha wei	settlement	0.00
溪頭	xi tou	settlement	20.08
濕水子	shi shui zi	settlement	0.02
灣子	wan zi	settlement	3.26
火炭坑	huo tan keng	settlement	0.00
灰窯	hui yao	settlement	1.83
灰窯坑	hui yao keng	settlement	0.00
炮子林	pao zi lin	settlement	0.01
牛稠湖	niu chou hu	settlement	0.02
猴山坑	hou shan keng	settlement	0.07
猴山岳	hou shan yue	settlement	0.48
猴洞	hou dong	settlement	2.00
獅形	shi xing	settlement	0.37
獅頭山	shi tou shan	settlement	4.72
環境保護局	huan jing bao hu ju	settlement	8.66
瓦厝	wa cuo	settlement	1.12
田心仔	tian xin zi	settlement	0.09
番仔厝	fan zi cuo	settlement	0.24
白宮山莊	bai gong shan zhuang	settlement	0.24
白樁	bai zhuang	settlement	0.02
白雲山莊	bai yun shan zhuang	settlement	0.23
石坡坑	shi po keng	settlement	0.02
石壁坑	shi bi keng	settlement	0.14
石壁坡	shi bi po	settlement	0.00
石崁	shi kan	settlement	0.21
石崎腳	shi qi jiao	settlement	0.00
石獅腳	shi shi jiao	settlement	0.19
石角	shi jiao	settlement	2.43
石頭厝	shi tou cuo	settlement	0.55
破車埔	po che pu	settlement	0.00
碧湖新村	bi hu xin cun	settlement	0.14
磺溪	huang xi	settlement	7.73
礁坑	jiao keng	settlement	0.10
礁坑仔尾	jiao keng zi wei	settlement	0.00
礦寮	kuang liao	settlement	0.00
社後下	she hou xia	settlement	0.00
秀林社區	xiu lin she qu	settlement	0.02
稅捐處大安分處	shui juan chu da an fen chu	settlement	0.00
立農	li nong	settlement	7.21
竹子湖	zhu zi hu	settlement	10.72
竹子籃	zhu zi lan	settlement	0.00
竹嵩嶺	zhu song ling	settlement	0.00
管理處	guan li chu	settlement	73.37
簡厝	jian cuo	settlement	0.03
粉寮	fen liao	settlement	0.46
粗坑	cu keng	settlement	3.64
糞箕湖	fen ji hu	settlement	0.11
羊稠	yang chou	settlement	1.02
美國在台協會	mei guo zai tai xie hui	settlement	13.68
美國在臺協會	mei guo zai tai xie hui	settlement	0.94
翠山社區	cui shan she qu	settlement	0.00
老松	lao song	settlement	4.12
育樂新村	yu le xin cun	settlement	0.05
腦寮	nao liao	settlement	2.24
臥龍新村	wo long xin cun	settlement	0.01
臨江園	lin jiang yuan	settlement	0.00
臺北	tai bei	settlement	559.58
臺北市政府行政大樓	tai bei shi zheng fu xing zheng da lou	settlement	0.00
臺北酒廠	tai bei jiu chang	settlement	0.04
臺灣士林地方法院	tai wan shi lin di fang fa yuan	settlement	0.61
臺肥公誠一村	tai fei gong cheng yi cun	settlement	0.00
興昌星	xing chang xing	settlement	0.00
舊坡	jiu po	settlement	0.03
舊坡口	jiu po kou	settlement	0.00
舊埤	jiu pi	settlement	0.15
舊莊	jiu zhuang	settlement	1.28
芝山巖	zhi shan yan	settlement	0.82
苧子園坑	zhu zi yuan keng	settlement	0.00
草地尾	cao di wei	settlement	0.09
草湳	cao nan	settlement	0.81
莊子頂	zhuang zi ding	settlement	0.01
莒光新城	ju guang xin cheng	settlement	0.42
菜刀崙	cai dao lun	settlement	0.08
華僑會館	hua qiao hui guan	settlement	0.02
華崗	hua gang	settlement	1.09
萬盛	wan sheng	settlement	3.50
葫蘆堵	hu lu du	settlement	0.26
葫蘆洲	hu lu zhou	settlement	0.02
虎形	hu xing	settlement	2.76
西湖社區	xi hu she qu	settlement	0.02
象頭埔	xiang tou pu	settlement	0.05
貴仔坑	gui zi keng	settlement	0.02
車丁腳	che ding jiao	settlement	0.00
軍功坑	jun gong keng	settlement	0.01
軍艦巖	jun jian yan	settlement	0.00
農委會	nong wei hui	settlement	75.80
遊客服務中心	you ke fu wu zhong xin	settlement	5.18
鄭厝	zheng cuo	settlement	0.05
金面	jin mian	settlement	12.98
阿泉坑	a quan keng	settlement	0.02
陳厝	chen cuo	settlement	0.30
雙溪中央社區	shuang xi zhong yang she qu	settlement	0.03
雙溪仔	shuang xi zi	settlement	0.01
雙溪子	shuang xi zi	settlement	0.01
電力研究所	dian li yan jiu suo	settlement	0.18
青年國宅	qing nian guo zhai	settlement	0.25
青礐	qing que	settlement	0.07
頂北投	ding bei tou	settlement	0.07
頂湖	ding hu	settlement	1.65
頂茄苳腳	ding jia dong jiao	settlement	0.00
頂青礐	ding qing que	settlement	0.00
頭廷魁	tou ting kui	settlement	0.02
頭湖	tou hu	settlement	0.61
風雅頌社區	feng ya song she qu	settlement	0.00
馬明潭	ma ming tan	settlement	0.23
馬槽	ma cao	settlement	4.75
魚衡子	yu heng zi	settlement	0.00
鳳梨宅	feng li zhai	settlement	0.07
鴨母寮	ya mu liao	settlement	1.38
麗山新村	li shan xin cun	settlement	0.14
麟光新村	lin guang xin cun	settlement	0.01
龍眼腳	long yan jiao	settlement	0.00
龍船岩	long chuan yan	settlement	0.51
七星山	qi xing shan	nature	6.11
七股山	qi gu shan	nature	0.35
中正山	zhong zheng shan	nature	0.70
丹鳳山	dan feng shan	nature	0.95
五指山	wu zhi shan	nature	7.10
交間山	jiao jian shan	nature	0.00
內埔山	nei pu shan	nature	0.03
公館山	gong guan shan	nature	0.12
劍潭山	jian tan shan	nature	1.52
南港山	nan gang shan	nature	1.70
告尖山	gao jian shan	nature	0.00
唭哩岸山	qi li an shan	nature	0.18
坑頭山	keng tou shan	nature	0.25
大埤湖	da pi hu	nature	0.12
大尖坪山	da jian ping shan	nature	0.00
大崙尾山	da lun wei shan	nature	0.66
大崙頭山	da lun tou shan	nature	0.51
大湖	da hu	nature	52.38
姆指山	mu zhi shi	nature	0.06
姆指山	mu zhi shan	nature	0.06
小尖坑山	xiao jian keng shan	nature	0.00
小草山	xiao cao shan	nature	0.07
尾崙山	wei lun shan	nature	0.03
山豬窟山	shan zhu ku shan	nature	0.00
後山陂	hou shan pi	nature	0.03
抱子腳山	bao zi jiao shan	nature	0.01
景美山	jing mei shan	nature	0.26
水井尾山	shui jing wei shan	nature	0.00
涓絲瀑布	juan si pu bu	nature	0.07
溪子口山	xi zi kou shan	nature	0.01
烏尖連山	wu jian lian shan	nature	0.02
白石湖山	bai shi hu shan	nature	0.30
白雲山	bai yun shan	nature	1.73
白露山	bai lou shan	nature	0.05
石尖山	shi jian shan	nature	0.07
磺溪山	huang xi shan	nature	0.06
紗帽山	sha mao shan	nature	2.21
舊莊山	jiu zhuang shan	nature	0.00
蟾蜍山	chan chu shan	nature	2.25
赤上天山	chi shang tian shan	nature	0.00
金面山	jin mian shan	nature	1.78
陽明湖	yang ming hu	nature	0.26
魚行山	yu xing shan	nature	0.01
鵝米山	e mi shan	nature	0.02
七星橋	qi xing qiao	landmark	0.36
三樂花園	san le hua yuan	landmark	0.00
三清堂	san qing tang	landmark	0.00
三玉	san yu	landmark	0.76
三興	san xing	landmark	2.39
上清宮	shang qing gong	landmark	0.46
世新大學	shi xin da xue	landmark	21.15
中和禪寺	zhong he chan si	landmark	0.04
中國工商專校	zhong guo gong shang zhuan xiao	landmark	0.03
中國文化大學	zhong guo wen hua da xue	landmark	7.53
中國海專	zhong guo hai zhuan	landmark	0.32
中央信託局	zhong yang xin tuo ju	landmark	0.65
中央圖書館	zhong yang tu shu guan	landmark	3.47
中央研究院	zhong yang yan jiu yuan	landmark	33.46
中央選舉委員會	zhong yang xuan ju wei yuan hui	landmark	3.05
中央銀行	zhong yang yin hang	landmark	46.89
中山區健康服務中心	zhong shan qu jian kang fu wu zhong xin	landmark	0.02
中山區行政中心	zhong shan qu xing zheng zhong xin	landmark	0.01
中山女高	zhong shan nv gao	landmark	2.80
中山消防中隊	zhong shan xiao fang zhong dui	landmark	0.00
中山醫療社團法人中山醫院	zhong shan yi liao she tuan fa ren zhong shan yi yuan	landmark	0.03
中崙消防分隊	zhong lun xiao fang fen dui	landmark	0.00
中正分局	zhong zheng fen ju	landmark	0.07
中正區健康服務中心	zhong zheng qu jian kang fu wu zhong xin	landmark	0.02
中正圖書館	zhong zheng tu shu guan	landmark	0.25
中正河濱公園	zhong zheng he bin gong yuan	landmark	0.24
中正消防中隊	zhong zheng xiao fang zhong dui	landmark	0.00
中正高中	zhong zheng gao zhong	landmark	1.59
中興中學	zhong xing zhong xue	landmark	0.03
中興大學體育館	zhong xing da xue ti yu guan	landmark	0.06
中華科技大學	zhong hua ke ji da xue	landmark	0.88
中華航空公司	zhong hua hang kong gong si	landmark	1.55
中華電信	zhong hua dian xin	landmark	131.87
中華體育館	zhong hua ti yu guan	landmark	0.25
中視公司	zhong shi gong si	landmark	0.07
二二八和平公園	er er ba he ping gong yuan	landmark	0.65
五常	wu chang	landmark	9.20
亞洲信託公司	ya zhou xin tuo gong si	landmark	0.00
交通部	jiao tong bu	landmark	159.40
什姓宮	she xing gong	landmark	0.00
仁康醫院	ren kang yi yuan	landmark	0.09
介壽	jie shou	landmark	8.90
介壽公園	jie shou gong yuan	landmark	0.44
仙公廟	xian gong miao	landmark	0.65
保德廟	bao de miao	landmark	0.00
信和煤礦	xin he mei kuang	landmark	0.00
信義區健康服務中心	xin yi qu jian kang fu wu zhong xin	landmark	0.14
信義消防中隊	xin yi xiao fang zhong dui	landmark	0.00
信義消防分隊	xin yi xiao fang fen dui	landmark	0.02
修聖寺	xiu sheng si	landmark	0.00
健保局	jian bao ju	landmark	17.28
健行橋	jian xing qiao	landmark	0.00
元山殿	yuan shan dian	landmark	0.00
光仁	guang ren	landmark	2.18
光明消防分隊	guang ming xiao fang fen dui	landmark	0.00
光武工專	guang wu gong zhuan	landmark	0.17
內政部	nei zheng bu	landmark	192.77
內湖分局	nei hu fen ju	landmark	0.67
內湖區健康服務中心	nei hu qu jian kang fu wu zhong xin	landmark	0.21
內湖垃圾焚化廠	nei hu le se fen hua chang	landmark	0.04
內湖消防中隊	nei hu xiao fang zhong dui	landmark	0.00
內湖消防分隊	nei hu xiao fang fen dui	landmark	0.00
內湖科技園區	nei hu ke ji yuan qu	landmark	1.93
內湖第七公墓	nei hu di qi gong mu	landmark	0.00
內湖第六公墓	nei hu di liu gong mu	landmark	0.00
內湖高中	nei hu gao zhong	landmark	0.79
內湖高工	nei hu gao gong	landmark	0.70
內雙溪橋	nei shuang xi qiao	landmark	0.00
全昌堂傳統中醫醫院	quan chang tang chuan tong zhong yi yi yuan	landmark	0.00
八德消防分隊	ba de xiao fang fen dui	landmark	0.00
公正橋	gong zheng qiao	landmark	0.00
再興中學	zai xing zhong xue	landmark	0.36
劍南橋	jian nan qiao	landmark	0.00
劍潭古寺	jian tan gu si	landmark	0.24
劍潭消防分隊	jian tan xiao fang fen dui	landmark	0.00
力行	li xing	landmark	94.27
勝浩宮	sheng hao gong	landmark	0.00
勞保局	lao bao ju	landmark	26.62
勞委會	lao wei hui	landmark	27.29
勞工局勞動檢查處	lao gong ju lao dong jian cha chu	landmark	0.17
勞工局就業服務中心	lao gong ju jiu ye fu wu zhong xin	landmark	0.07
勞工職訓中心	lao gong zhi xun zhong xin	landmark	0.00
北一女中	bei yi nv zhong	landmark	4.17
北安	bei an	landmark	11.61
北市軍人公墓	bei shi jun ren gong mu	landmark	0.05
北投公園	bei tou gong yuan	landmark	4.78
北投區健康服務中心	bei tou qu jian kang fu wu zhong xin	landmark	0.10
北投垃圾焚化場	bei tou le se fen hua chang	landmark	0.01
北投橋	bei tou qiao	landmark	0.00
北投消防中隊	bei tou xiao fang zhong dui	landmark	0.00
北投第一公墓	bei tou di yi gong mu	landmark	0.00
北政	bei zheng	landmark	4.02
十信工商	shi xin gong shang	landmark	0.07
協和婦女醫院	xie he fu nv yi yuan	landmark	0.21
協和工商	xie he gong shang	landmark	0.19
南京東路站	nan jing dong lu zhan	landmark	1.11
南深橋	nan shen qiao	landmark	0.02
南港公園	nan gang gong yuan	landmark	0.94
南港區健康服務中心	nan gang qu jian kang fu wu zhong xin	landmark	0.08
南港橋	nan gang qiao	landmark	0.22
南港消防中隊	nan gang xiao fang zhong dui	landmark	0.00
南港消防分隊	nan gang xiao fang fen dui	landmark	0.00
南港第二公墓	nan gang di er gong mu	landmark	0.00
南港經貿園區	nan gang jing mao yuan qu	landmark	0.46
南港高工	nan gang gao gong	landmark	0.82
南湖大橋	nan hu da qiao	landmark	0.31
南門	nan men	landmark	38.20
博仁綜合醫院	bo ren zong he yi yuan	landmark	0.31
博嘉	bo jia	landmark	0.62
原子能委員會	yuan zi neng wei yuan hui	landmark	1.52
古亭抽水站	gu ting chou shui zhan	landmark	0.00
古亭河濱公園	gu ting he bin gong yuan	landmark	0.79
古亭消防分隊	gu ting xiao fang fen dui	landmark	0.00
台北一隧道	tai bei yi sui dao	landmark	0.00
台北二隧道	tai bei er sui dao	landmark	0.00
台北君悅飯店	tai bei jun yue fan dian	landmark	0.45
台北國際社區電台	tai bei guo ji she qu dian tai	landmark	0.00
台北大橋	tai bei da qiao	landmark	0.43
台北市政府勞工局	tai bei shi zheng fu lao gong ju	landmark	0.30
台北市政府消防局	tai bei shi zheng fu xiao fang ju	landmark	0.29
台北市災害應變中心	tai bei shi zai hai ying bian zhong xin	landmark	0.07
台北市監理站	tai bei shi jian li zhan	landmark	0.03
台北市立動物園	tai bei shi li dong wu yuan	landmark	4.52
台北市立圖書館	tai bei shi li tu shu guan	landmark	1.20
台北市立萬芳醫院	tai bei shi li wan fang yi yuan	landmark	0.55
台北市立關渡醫院	tai bei shi li guan du yi yuan	landmark	0.22
台北市第二公墓	tai bei shi di er gong mu	landmark	0.00
台北市第八公墓	tai bei shi di ba gong mu	landmark	0.00
台北市農會陽明山牧場	tai bei shi nong hui yang ming shan mu chang	landmark	0.01
台北市銀行	tai bei shi yin hang	landmark	0.21
台北師範學院	tai bei shi fan xue yuan	landmark	0.34
台北捷運站	tai bei jie yun zhan	landmark	1.67
台北科技大學	tai bei ke ji da xue	landmark	5.34
台北第一公墓	tai bei di yi gong mu	landmark	0.00
台北航空站	tai bei hang kong zhan	landmark	0.10
台北郵局	tai bei you ju	landmark	0.87
台北醫學大學附設醫院	tai bei yi xue da xue fu she yi yuan	landmark	4.19
台北醫學院	tai bei yi xue yuan	landmark	1.25
台北電台	tai bei dian tai	landmark	0.24
台汽北站	tai qi bei zhan	landmark	0.14
台灣神學院	tai wan shen xue yuan	landmark	1.90
台灣科技大學	tai wan ke ji da xue	landmark	5.45
台視公司	tai shi gong si	landmark	0.24
台電服務處	tai dian fu wu chu	landmark	0.01
司法院	si fa yuan	landmark	49.51
吉林	ji lin	landmark	55.43
吳興	wu xing	landmark	9.67
善光寺	shan guang si	landmark	3.27
喬治工商補校	qiao zhi gong shang bu xiao	landmark	0.00
國有財產局	guo you cai chan ju	landmark	2.53
國科會資料中心	guo ke hui zi liao zhong xin	landmark	0.00
國立台北商業技術學院	guo li tai bei shang ye ji shu xue yuan	landmark	0.12
國立台北護專	guo li tai bei hu zhuan	landmark	0.01
國立台灣大學	guo li tai wan da xue	landmark	9.68
國立政治大學	guo li zheng zhi da xue	landmark	13.49
國立臺北商業技術學院	guo li tai bei shang ye ji shu xue yuan	landmark	0.04
國立臺北護專	guo li tai bei hu zhuan	landmark	0.01
國立臺灣大學	guo li tai wan da xue	landmark	18.14
國立藝術學院	guo li yi shu xue yuan	landmark	1.45
國軍第一示範公墓	guo jun di yi shi fan gong mu	landmark	0.00
國際電信局	guo ji dian xin ju	landmark	0.02
國際電台	guo ji dian tai	landmark	0.11
國際電臺	guo ji dian tai	landmark	0.03
國際青年活動中心	guo ji qing nian huo dong zhong xin	landmark	0.02
圓山交流道	yuan shan jiao liu dao	landmark	0.29
圓山大橋	yuan shan da qiao	landmark	0.01
圓山大飯店	yuan shan da fan dian	landmark	6.99
圓山派出所	yuan shan pai chu suo	landmark	0.02
圓山消防分隊	yuan shan xiao fang fen dui	landmark	0.00
圓山育樂中心	yuan shan yu le zhong xin	landmark	0.06
圓拱橋	yuan gong qiao	landmark	0.14
圓覺寺	yuan jue si	landmark	1.27
圓通巖	yuan tong yan	landmark	0.00
地藏禪寺	di cang chan si	landmark	0.13
坤天堂	kun tian tang	landmark	0.00
城中消防分隊	cheng zhong xiao fang fen dui	landmark	0.00
埤腹抽水站	pi fu chou shui zhan	landmark	0.00
培靈醫院	pei ling yi yuan	landmark	0.02
報恩塔	bao en ta	landmark	0.11
士東	shi dong	landmark	4.35
士林區健康服務中心	shi lin qu jian kang fu wu zhong xin	landmark	0.04
士林市場	shi lin shi chang	landmark	0.39
士林消防中隊	shi lin xiao fang zhong dui	landmark	0.00
士林車站	shi lin che zhan	landmark	0.02
士林高商	shi lin gao shang	landmark	0.55
壽星宮	shou xing gong	landmark	0.00
外交部	wai jiao bu	landmark	164.28
外雙溪橋	wai shuang xi qiao	landmark	0.10
大佳	da jia	landmark	6.46
大佳河濱公園	da jia he bin gong yuan	landmark	3.72
大南車站	da nan che zhan	landmark	0.00
大同公司	da tong gong si	landmark	4.04
大同區健康服務中心	da tong qu jian kang fu wu zhong xin	landmark	0.07
大同工學院	da tong gong xue yuan	landmark	0.33
大同消防中隊	da tong xiao fang zhong dui	landmark	0.00
大同消防分隊	da tong xiao fang fen dui	landmark	0.00
大同聖宮	da tong sheng gong	landmark	0.00
大同高中	da tong gao zhong	landmark	1.66
大安區健康服務中心	da an qu jian kang fu wu zhong xin	landmark	0.04
大安消防中隊	da an xiao fang zhong dui	landmark	0.00
大安高工	da an gao gong	landmark	2.03
大屯	da tun	landmark	15.45
大屯橋	da tun qiao	landmark	0.06
大悲佛堂	da bei fo tang	landmark	0.00
大明寺	da ming si	landmark	0.35
大橋	da qiao	landmark	140.39
大湖消防分隊	da hu xiao fang fen dui	landmark	0.00
大理	da li	landmark	154.74
大理國中	da li guo zhong	landmark	0.10
大直橋	da zhi qiao	landmark	1.03
大直消防分隊	da zhi xiao fang fen dui	landmark	0.00
大經橋	da jing qiao	landmark	0.00
大誠高中	da cheng gao zhong	landmark	0.17
大雄寶殿	da xiong bao dian	landmark	6.22
大龍	da long	landmark	23.45
天主教公墓	tian zhu jiao gong mu	landmark	0.03
天主教墓園	tian zhu jiao mu yuan	landmark	0.05
天寶聖道宮	tian bao sheng dao gong	landmark	0.14
天心中醫醫院	tian xin zhong yi yi yuan	landmark	0.00
天恩宮	tian en gong	landmark	0.15
天文台	tian wen tai	landmark	36.56
天文科學教育館	tian wen ke xue jiao yu guan	landmark	1.00
天文臺	tian wen tai	landmark	3.02
天母	tian mu	landmark	120.26
天母公園	tian mu gong yuan	landmark	0.83
天母大橋	tian mu da qiao	landmark	0.00
天母消防分隊	tian mu xiao fang fen dui	landmark	0.00
奎山中學	kui shan zhong xue	landmark	0.02
妙天宮	miao tian gong	landmark	0.00
威靈廟	wei ling miao	landmark	0.02
婆婆橋	po po qiao	landmark	0.01
守德寺	shou de si	landmark	0.00
安和消防分隊	an he xiao fang fen dui	landmark	0.00
安國寺	an guo si	landmark	0.34
富安	fu an	landmark	3.41
富德墓園	fu de mu yuan	landmark	0.01
實踐	shi jian	landmark	826.79
實踐大學	shi jian da xue	landmark	10.84
寶儀橋	bao yi qiao	landmark	0.00
寶橋消防分隊	bao qiao xiao fang fen dui	landmark	0.00
寶藏嚴寺	bao cang yan si	landmark	0.00
山主祠	shan zhu ci	landmark	0.01
山仔后消防分隊	shan zi hou xiao fang fen dui	landmark	0.00
山豬窟垃圾掩埋場	shan zhu ku le se yan mai chang	landmark	0.03
峰頂橋	feng ding qiao	landmark	0.02
市圖館	shi tu guan	landmark	0.62
市立啟聰學校	shi li qi cong xue xiao	landmark	0.36
市立圖書館	shi li tu shu guan	landmark	18.22
市立師範學院	shi li shi fan xue yuan	landmark	0.40
市立棒球場	shi li bang qiu chang	landmark	2.92
市立療養院	shi li liao yang yuan	landmark	0.30
市立第二殯儀館	shi li di er bin yi guan	landmark	0.09
市立美術館	shi li mei shu guan	landmark	18.30
市立體育學院	shi li ti yu xue yuan	landmark	0.27
市警局	shi jing ju	landmark	17.42
帕米爾公園	pa mi er gong yuan	landmark	0.06
師大分部	shi da fen bu	landmark	0.62
師大附中	shi da fu zhong	landmark	6.53
師範大學	shi fan da xue	landmark	65.60
平等	ping deng	landmark	419.92
幸安	xing an	landmark	1.45
幼獅電台	you shi dian tai	landmark	0.01
幼獅電臺	you shi dian tai	landmark	0.00
康寧	kang ning	landmark	26.96
康寧護專	kang ning hu zhuan	landmark	0.15
延壽橋	yan shou qiao	landmark	0.01
延平	yan ping	landmark	31.07
延平宮	yan ping gong	landmark	0.05
延平消防分隊	yan ping xiao fang fen dui	landmark	0.01
延平高中	yan ping gao zhong	landmark	0.26
建國中學	jian guo zhong xue	landmark	4.96
建安	jian an	landmark	19.75
建成	jian cheng	landmark	196.14
建成消防分隊	jian cheng xiao fang fen dui	landmark	0.00
強恕中學	qiang shu zhong xue	landmark	0.60
後港消防分隊	hou gang xiao fang fen dui	landmark	0.00
復興公園	fu xing gong yuan	landmark	0.88
復興劇校	fu xing ju xiao	landmark	0.25
復興消防分隊	fu xing xiao fang fen dui	landmark	0.00
復興高中	fu xing gao zhong	landmark	0.81
德明商專	de ming shang zhuan	landmark	0.05
志仁補校	zhi ren bu xiao	landmark	0.00
志仁高職	zhi ren gao zhi	landmark	0.00
志清	zhi qing	landmark	5.48
忠孝消防分隊	zhong xiao xiao fang fen dui	landmark	0.00
恒光橋	heng guang qiao	landmark	0.01
惇敘綜合高工	dun xu zong he gao gong	landmark	0.00
慈佑宮	ci you gong	landmark	0.36
慈光寺	ci guang si	landmark	0.26
慈生堂	ci sheng tang	landmark	0.00
慈航寺	ci hang si	landmark	0.06
慈鳳宮	ci feng gong	landmark	0.43
慧濟寺	hui ji si	landmark	0.30
憲兵隊	xian bing dui	landmark	4.36
應公廟	ying gong miao	landmark	0.61
懷恩隧道	huai en sui dao	landmark	0.06
懷生	huai sheng	landmark	4.69
成功中學	cheng gong zhong xue	landmark	0.56
成德	cheng de	landmark	11.81
成淵	cheng yuan	landmark	1.70
成美橋	cheng mei qiao	landmark	0.21
承德橋	cheng de qiao	landmark	0.25
指南	zhi nan	landmark	613.52
指福宮	zhi fu gong	landmark	0.00
振興醫療財團法人振興醫院	zhen xing yi liao cai tuan fa ren zhen xing yi yuan	landmark	0.03
挹翠橋	yi cui qiao	landmark	0.01
撫遠抽水站	fu yuan chou shui zhan	landmark	0.00
政大實驗小學	zheng da shi yan xiao xue	landmark	0.01
故宮博物院	gu gong bo wu yuan	landmark	28.67
敦化	dun hua	landmark	31.76
文化	wen hua	landmark	5019.01
文化公園	wen hua gong yuan	landmark	4.96
文化大學碧園實驗農場	wen hua da xue bi yuan shi yan nong chang	landmark	0.00
文山區健康服務中心	wen shan qu jian kang fu wu zhong xin	landmark	0.16
文山區行政大樓	wen shan qu xing zheng da lou	landmark	0.00
文山消防中隊	wen shan xiao fang zhong dui	landmark	0.00
文德女中	wen de nv zhong	landmark	0.17
文昌宮	wen chang gong	landmark	1.15
文昌橋	wen chang qiao	landmark	0.06
文林	wen lin	landmark	9.99
文林橋	wen lin qiao	landmark	0.02
文湖	wen hu	landmark	9.78
新光社區活動中心	xin guang she qu huo dong zhong xin	landmark	0.00
新和	xin he	landmark	125.33
新園一號橋	xin yuan yi hao qiao	landmark	0.00
新大豐塑膠廠	xin da feng su jiao chang	landmark	0.00
新安橋	xin an qiao	landmark	0.00
新店市公所站	xin dian shi gong suo zhan	landmark	0.07
新湖	xin hu	landmark	5.55
新生公園	xin sheng gong yuan	landmark	1.47
新豐煤礦	xin feng mei kuang	landmark	0.00
方濟中學	fang ji zhong xue	landmark	0.16
明安堂	ming an tang	landmark	0.00
明山寺	ming shan si	landmark	0.06
明山橋	ming shan qiao	landmark	0.00
明崙高中	ming lun gao zhong	landmark	0.00
明德宮	ming de gong	landmark	0.15
明德橋	ming de qiao	landmark	0.01
明智宮	ming zhi gong	landmark	0.00
明湖	ming hu	landmark	14.53
明道	ming dao	landmark	31.17
映竹橋	ying zhu qiao	landmark	0.00
時英堂	shi ying tang	landmark	0.00
景安宮	jing an gong	landmark	0.00
景文中學	jing wen zhong xue	landmark	0.10
景福橋	jing fu qiao	landmark	0.00
景美女中	jing mei nv zhong	landmark	2.54
景美河濱公園	jing mei he bin gong yuan	landmark	0.14
景美消防分隊	jing mei xiao fang fen dui	landmark	0.00
景美醫院	jing mei yi yuan	landmark	0.09
景美隧道	jing mei sui dao	landmark	0.00
景興	jing xing	landmark	2.08
曹福公	cao fu gong	landmark	0.00
望星橋	wang xing qiao	landmark	0.02
朝籟橋	chao lai qiao	landmark	0.00
木柵交流道	mu zha jiao liu dao	landmark	0.16
木柵垃圾焚化廠	mu zha le se fen hua chang	landmark	0.03
木柵派出所	mu zha pai chu suo	landmark	0.07
木柵消防分隊	mu zha xiao fang fen dui	landmark	0.00
木柵隧道	mu zha sui dao	landmark	0.07
木柵高工	mu zha gao gong	landmark	0.76
東吳大學	dong wu da xue	landmark	21.81
東園	dong yuan	landmark	7.70
東山高中	dong shan gao zhong	landmark	1.89
東新	dong xin	landmark	21.15
東方工商	dong fang gong shang	landmark	0.44
東湖消防分隊	dong hu xiao fang fen dui	landmark	0.00
東社派出所	dong she pai chu suo	landmark	0.00
松山區健康服務中心	song shan qu jian kang fu wu zhong xin	landmark	0.04
松山商職	song shan shang zhi	landmark	0.10
松山工農職校	song shan gong nong zhi xiao	landmark	0.00
松山抽水站	song shan chou shui zhan	landmark	0.00
松山橋	song shan qiao	landmark	0.00
松山消防中隊	song shan xiao fang zhong dui	landmark	0.00
松山菸廠	song shan yan chang	landmark	2.33
松山醫院	song shan yi yuan	landmark	0.12
松山高中	song shan gao zhong	landmark	2.88
松江大橋	song jiang da qiao	landmark	0.01
松江消防分隊	song jiang xiao fang fen dui	landmark	0.00
林務局	lin wu ju	landmark	29.22
林森公園	lin sen gong yuan	landmark	0.84
林語堂紀念圖書館	lin yu tang ji nian tu shu guan	landmark	0.00
柏園山莊	bo yuan shan zhuang	landmark	0.18
柳鄉市場	liu xiang shi chang	landmark	0.00
格致	ge zhi	landmark	3.27
森林公園	sen lin gong yuan	landmark	38.82
植物園	zhi wu yuan	landmark	51.37
極樂公墓	ji le gong mu	landmark	0.00
正覺禪寺	zheng jue chan si	landmark	0.03
武功	wu gong	landmark	51.59
民族	min zu	landmark	679.03
民本廣播電台	min ben guang bo dian tai	landmark	0.01
民本廣播電臺	min ben guang bo dian tai	landmark	0.00
民權	min quan	landmark	106.48
民權公園	min quan gong yuan	landmark	0.09
民權分隊	min quan fen dui	landmark	0.00
民權大橋	min quan da qiao	landmark	0.56
民權隧道	min quan sui dao	landmark	0.08
民生公園	min sheng gong yuan	landmark	0.38
民航局	min hang ju	landmark	25.16
氣象局	qi xiang ju	landmark	63.66
水屋潭橋	shui wu tan qiao	landmark	0.00
永健	yong jian	landmark	3.04
永公橋	yong gong qiao	landmark	0.00
永吉	yong ji	landmark	8.31
永吉消防分隊	yong ji xiao fang fen dui	landmark	0.00
永春橋	yong chun qiao	landmark	0.01
永福橋	yong fu qiao	landmark	2.69
河堤	he ti	landmark	20.51
河濱高中	he bin gao zhong	landmark	0.00
泉州消防分隊	quan zhou xiao fang fen dui	landmark	0.00
泉源	quan yuan	landmark	41.48
法務部	fa wu bu	landmark	79.94
泰北中學	tai bei zhong xue	landmark	0.13
泰北高中	tai bei gao zhong	landmark	0.47
泰安醫院	tai an yi yuan	landmark	0.03
浮華精舍	fu hua jing she	landmark	0.00
海光公園	hai guang gong yuan	landmark	0.22
消防局第一救災救護大隊	xiao fang ju di yi jiu zai jiu hu da dui	landmark	0.08
消防局第三救災救護大隊	xiao fang ju di san jiu zai jiu hu da dui	landmark	0.05
消防局第二救災救護大隊	xiao fang ju di er jiu zai jiu hu da dui	landmark	0.07
消防局第四救災救護大隊	xiao fang ju di si jiu zai jiu hu da dui	landmark	0.03
消防局防災科學教育館	xiao fang ju fang zai ke xue jiao yu guan	landmark	0.01
消防隊中山分隊	xiao fang dui zhong shan fen dui	landmark	0.00
清天宮	qing tian gong	landmark	0.80
清水宮	qing shui gong	landmark	0.23
清江	qing jiang	landmark	5.34
湖山	hu shan	landmark	26.25
湖山溫泉	hu shan wen quan	landmark	0.00
湖田	hu tian	landmark	1.37
湖田橋	hu tian qiao	landmark	0.22
湧泉寺	yong quan si	landmark	0.45
溪口	xi kou	landmark	14.49
溪山	xi shan	landmark	5.41
溪山派出所	xi shan pai chu suo	landmark	0.02
滬江高中	hu jiang gao zhong	landmark	0.48
潭美	tan mei	landmark	5.64
濟公廟	ji gong miao	landmark	0.36
無音宮	wu yin gong	landmark	0.00
照明宮	zhao ming gong	landmark	0.00
照明寺	zhao ming si	landmark	0.10
玄安宮	xuan an gong	landmark	0.01
玉女宮	yu nv gong	landmark	0.02
玉成	yu cheng	landmark	13.19
玉成公園	yu cheng gong yuan	landmark	0.43
玉成橋	yu cheng qiao	landmark	0.01
玉成派出所	yu cheng pai chu suo	landmark	0.02
玉明宮	yu ming gong	landmark	0.00
王府千歲	wang fu qian sui	landmark	0.01
珠海高職	zhu hai gao zhi	landmark	0.00
環南綜合市場	huan nan zong he shi chang	landmark	0.07
百歲堂	bai sui tang	landmark	0.05
百齡	bai ling	landmark	6.96
百齡橋	bai ling qiao	landmark	0.51
盬察院	gu cha yuan	landmark	0.00
省立博物館	sheng li bo wu guan	landmark	0.36
真光寺	zhen guang si	landmark	0.06
石牌公園	shi pai gong yuan	landmark	0.19
石牌橋	shi pai qiao	landmark	0.10
石牌消防分隊	shi pai xiao fang fen dui	landmark	0.00
碧山寺	bi shan si	landmark	0.12
碧湖公園	bi hu gong yuan	landmark	1.32
碧溪橋	bi xi qiao	landmark	0.06
碧霞宮	bi xia gong	landmark	0.15
磺港橋	huang gang qiao	landmark	0.00
磺溪公園	huang xi gong yuan	landmark	0.01
磺溪嶺溫泉	huang xi ling wen quan	landmark	0.00
磺溪橋	huang xi qiao	landmark	0.17
礁坑二號橋	jiao keng er hao qiao	landmark	0.00
礁坑橋	jiao keng qiao	landmark	0.01
社子	she zi	landmark	11.71
社子消防分隊	she zi xiao fang fen dui	landmark	0.00
祐德中學	you de zhong xue	landmark	0.00
神帝公	shen di gong	landmark	0.00
祥光寺	xiang guang si	landmark	0.03
福全醫院	fu quan yi yuan	landmark	0.02
福安消防分隊	fu an xiao fang fen dui	landmark	0.00
福德坑復育園區	fu de keng fu yu yuan qu	landmark	0.00
福德隧道	fu de sui dao	landmark	0.05
福星	fu xing	landmark	25.74
福星宮	fu xing gong	landmark	0.09
福林	fu lin	landmark	7.20
福林橋	fu lin qiao	landmark	0.14
福林派出所	fu lin pai chu suo	landmark	0.00
福田煤礦	fu tian mei kuang	landmark	0.01
福神宮	fu shen gong	landmark	0.01
福雲宮	fu yun gong	landmark	0.02
秀傳醫院	xiu chuan yi yuan	landmark	4.21
秀山橋	xiu shan qiao	landmark	0.01
秀山消防分隊	xiu shan xiao fang fen dui	landmark	0.00
私立啟明學校	si li qi ming xue xiao	landmark	0.00
私立道藩圖書館	si li dao fan tu shu guan	landmark	0.00
稻江高商	dao jiang gao shang	landmark	0.02
立人小學	li ren xiao xue	landmark	0.02
立法院	li fa yuan	landmark	343.08
竹仔湖氣象站	zhu zi hu qi xiang zhan	landmark	0.00
竹子湖觀光農園	zhu zi hu guan guang nong yuan	landmark	0.00
竹嵩嶺橋	zhu song ling qiao	landmark	0.00
第一示範公墓	di yi shi fan gong mu	landmark	0.04
第七公墓	di qi gong mu	landmark	0.18
第九公墓	di jiu gong mu	landmark	0.15
第十一公墓	di shi yi gong mu	landmark	0.04
粉寮橋	fen liao qiao	landmark	0.00
經濟部	jing ji bu	landmark	248.90
總統府	zong tong fu	landmark	104.10
美通橋	mei tong qiao	landmark	0.00
翠山派出所	cui shan pai chu suo	landmark	0.00
翠林橋	cui lin qiao	landmark	0.00
考試院	kao shi yuan	landmark	21.41
聖人廟	sheng ren miao	landmark	0.00
聖人橋	sheng ren qiao	landmark	0.11
聖德宮	sheng de gong	landmark	0.12
聖恩宮	sheng en gong	landmark	0.00
聖明宮	sheng ming gong	landmark	0.07
育英商工	yu ying shang gong	landmark	0.00
育達商職	yu da shang zhi	landmark	0.44
胡宗南墓	hu zong nan mu	landmark	0.00
胡慈南海寺	hu ci nan hai si	landmark	0.00
胡適	hu shi	landmark	23.83
胡適墓園	hu shi mu yuan	landmark	0.00
自來水廠第五源水處	zi lai shui chang di wu yuan shui chu	landmark	0.00
自來水淨水廠	zi lai shui jing shui chang	landmark	0.03
自來水管理處	zi lai shui guan li chu	landmark	0.02
自強市場第一棟	zi qiang shi chang di yi dong	landmark	0.00
自強市場第三棟	zi qiang shi chang di san dong	landmark	0.00
自強市場第二棟	zi qiang shi chang di er dong	landmark	0.00
自強隧道	zi qiang sui dao	landmark	1.08
至善	zhi shan	landmark	23.06
至妙寺	zhi miao si	landmark	0.00
臺北一隧道	tai bei yi sui dao	landmark	0.00
臺北二隧道	tai bei er sui dao	landmark	0.00
臺北國際社區電台	tai bei guo ji she qu dian tai	landmark	0.00
臺北大橋	tai bei da qiao	landmark	0.06
臺北市政府勞工局	tai bei shi zheng fu lao gong ju	landmark	0.31
臺北市政府消防局	tai bei shi zheng fu xiao fang ju	landmark	0.46
臺北市災害應變中心	tai bei shi zai hai ying bian zhong xin	landmark	0.06
臺北市監理站	tai bei shi jian li zhan	landmark	0.00
臺北市立動物園	tai bei shi li dong wu yuan	landmark	2.84
臺北市立圖書館	tai bei shi li tu shu guan	landmark	0.93
臺北市立萬芳醫院	tai bei shi li wan fang yi yuan	landmark	0.48
臺北市立關渡醫院	tai bei shi li guan du yi yuan	landmark	0.14
臺北市第二公墓	tai bei shi di er gong mu	landmark	0.00
臺北市第八公墓	tai bei shi di ba gong mu	landmark	0.00
臺北市農會陽明山牧場	tai bei shi nong hui yang ming shan mu chang	landmark	0.00
臺北市銀行	tai bei shi yin hang	landmark	0.07
臺北師範學院	tai bei shi fan xue yuan	landmark	0.21
臺北捷運站	tai bei jie yun zhan	landmark	0.05
臺北科技大學	tai bei ke ji da xue	landmark	4.39
臺北第一公墓	tai bei di yi gong mu	landmark	0.00
臺北航空站	tai bei hang kong zhan	landmark	0.07
臺北車站	tai bei che zhan	landmark	4.34
臺北郵局	tai bei you ju	landmark	0.25
臺北醫學大學附設醫院	tai bei yi xue da xue fu she yi yuan	landmark	1.38
臺北醫學院	tai bei yi xue yuan	landmark	0.15
臺北電臺	tai bei dian tai	landmark	0.07
臺大醫院站	tai da yi yuan zhan	landmark	0.21
臺汽北站	tai qi bei zhan	landmark	0.00
臺灣神學院	tai wan shen xue yuan	landmark	0.18
臺灣科技大學	tai wan ke ji da xue	landmark	3.94
臺視公司	tai shi gong si	landmark	0.00
臺電服務處	tai dian fu wu chu	landmark	0.00
興德	xing de	landmark	1.13
興福	xing fu	landmark	4.29
興隆	xing long	landmark	35.01
興雅	xing ya	landmark	2.98
舊莊消防分隊	jiu zhuang xiao fang fen dui	landmark	0.00
芝山公園	zhi shan gong yuan	landmark	0.06
芳和	fang he	landmark	4.03
芳川煤礦	fang chuan mei kuang	landmark	0.04
莊敬消防分隊	zhuang jing xiao fang fen dui	landmark	0.00
莊敬隧道	zhuang jing sui dao	landmark	0.07
莊頂路橋	zhuang ding lu qiao	landmark	0.00
菩提寺	pu ti si	landmark	1.84
華中大橋	hua zhong da qiao	landmark	0.02
華山消防分隊	hua shan xiao fang fen dui	landmark	0.00
華崗藝校	hua gang yi xiao	landmark	0.05
華江	hua jiang	landmark	5.20
華江大橋	hua jiang da qiao	landmark	0.08
華江高中	hua jiang gao zhong	landmark	0.96
華聲電台	hua sheng dian tai	landmark	0.01
華聲電臺	hua sheng dian tai	landmark	0.00
華興中學	hua xing zhong xue	landmark	0.54
華視轉播站	hua shi zhuan bo zhan	landmark	0.01
萬善同公祠	wan shan tong gong ci	landmark	0.00
萬壽宮	wan shou gong	landmark	0.84
萬壽橋	wan shou qiao	landmark	0.33
萬大	wan da	landmark	43.08
萬盛橋	wan sheng qiao	landmark	0.00
萬福橋	wan fu qiao	landmark	0.16
萬興	wan xing	landmark	4.06
萬芳	wan fang	landmark	16.87
萬芳交流道	wan fang jiao liu dao	landmark	0.15
萬芳消防分隊	wan fang xiao fang fen dui	landmark	0.00
萬華	wan hua	landmark	68.29
萬華區健康服務中心	wan hua qu jian kang fu wu zhong xin	landmark	0.06
萬華消防中隊	wan hua xiao fang zhong dui	landmark	0.00
葫蘆	hu lu	landmark	72.09
蓬萊	peng lai	landmark	26.75
蓮池禪寺	lian chi chan si	landmark	0.01
薇閣	wei ge	landmark	8.48
蘭州	lan zhou	landmark	39.41
蘭州派出所	lan zhou pai chu suo	landmark	0.04
蘭雅	lan ya	landmark	2.99
處理場	chu li chang	landmark	4.32
螢橋	ying qiao	landmark	0.92
行政院	xing zheng yuan	landmark	475.85
行政院經建會	xing zheng yuan jing jian hui	landmark	0.57
行政院農委會	xing zheng yuan nong wei hui	landmark	4.76
行義橋	xing yi qiao	landmark	0.02
衛理女中	wei li nv zhong	landmark	0.41
衛生署	wei sheng shu	landmark	64.45
西園	xi yuan	landmark	14.24
西園醫院	xi yuan yi yuan	landmark	0.65
西園陸橋	xi yuan lu qiao	landmark	0.00
西松	xi song	landmark	3.00
西湖工商	xi hu gong shang	landmark	0.12
觀光休閒花圃	guan guang xiu xian hua pu	landmark	0.00
觀光局	guan guang ju	landmark	56.54
觀玄宮	guan xuan gong	landmark	0.02
觀雲橋	guan yun qiao	landmark	0.00
觀音佛堂	guan yin fo tang	landmark	0.07
警察公墓	jing cha gong mu	landmark	0.07
警政署	jing zheng shu	landmark	35.36
豐台煤礦	feng tai mei kuang	landmark	0.00
豐臺煤礦	feng tai mei kuang	landmark	0.00
財團法人同仁院萬華醫院	cai tuan fa ren tong ren yuan wan hua yi yuan	landmark	0.01
財團法人康寧醫院	cai tuan fa ren kang ning yi yuan	landmark	0.06
財政部	cai zheng bu	landmark	185.53
資生堂醫院	zi sheng tang yi yuan	landmark	0.00
足球場	zu qiu chang	landmark	20.72
辛亥隧道	xin hai sui dao	landmark	0.67
逸仙	yi xian	landmark	10.21
道南橋	dao nan qiao	landmark	0.22
道生神學院	dao sheng shen xue yuan	landmark	0.27
達人女中	da ren nv zhong	landmark	0.20
郵政博物館	you zheng bo wu guan	landmark	1.18
郵政總局郵政醫院	you zheng zong ju you zheng yi yuan	landmark	0.00
重慶	chong qing	landmark	179.61
重陽橋	chong yang qiao	landmark	0.57
金佛寺	jin fo si	landmark	0.38
金安堂	jin an tang	landmark	0.00
金華	jin hua	landmark	40.28
金華消防分隊	jin hua xiao fang fen dui	landmark	0.00
金葺	jin qi	landmark	0.00
金龍禪寺	jin long chan si	landmark	0.11
銘傳	ming chuan	landmark	35.74
銘傳大學	ming chuan da xue	landmark	14.58
鎮天宮	zhen tian gong	landmark	0.34
鎮安橋	zhen an qiao	landmark	0.01
鐵路警察局	tie lu jing cha ju	landmark	1.13
鐵路醫院	tie lu yi yuan	landmark	0.75
長春	chang chun	landmark	58.58
開平中學	kai ping zhong xue	landmark	0.09
閭天宮	lv tian gong	landmark	0.00
關渡宮	guan du gong	landmark	1.81
關渡消防分隊	guan du xiao fang fen dui	landmark	0.01
陸軍醫院	lu jun yi yuan	landmark	0.28
陽明大學	yang ming da xue	landmark	10.20
陽明山公園	yang ming shan gong yuan	landmark	0.48
陽明山國家公園警察隊	yang ming shan guo jia gong yuan jing cha dui	landmark	0.00
陽明山消防分隊	yang ming shan xiao fang fen dui	landmark	0.00
陽明淨水站	yang ming jing shui zhan	landmark	0.00
陽明變電所	yang ming bian dian suo	landmark	0.00
陽明醫院	yang ming yi yuan	landmark	1.06
陽明高中	yang ming gao zhong	landmark	2.80
雅禮補校	ya li bu xiao	landmark	0.02
集應廟	ji ying miao	landmark	0.83
雙園	shuang yuan	landmark	4.65
雙園消防分隊	shuang yuan xiao fang fen dui	landmark	0.00
雙溪公園	shuang xi gong yuan	landmark	0.38
雙溪消防分隊	shuang xi xiao fang fen dui	landmark	0.03
雨聲	yu sheng	landmark	11.33
雨農	yu nong	landmark	2.07
雨農橋	yu nong qiao	landmark	0.06
雲霄寶殿	yun xiao bao dian	landmark	0.04
雷隱橋	lei yin qiao	landmark	0.02
靈威宮	ling wei gong	landmark	0.00
靈山大慈寺	ling shan da ci si	landmark	0.00
青礐橋	qing que qiao	landmark	0.00
青青農場	qing qing nong chang	landmark	0.27
靜修女中	jing xiu nv zhong	landmark	0.55
靜心	jing xin	landmark	75.90
韓僑	han qiao	landmark	0.85
順天橋	shun tian qiao	landmark	0.01
馬偕護校	ma jie hu xiao	landmark	0.16
馬槽橋	ma cao qiao	landmark	0.22
鳳凰溫泉	feng huang wen quan	landmark	0.01
麗山	li shan	landmark	10.49
麗山橋	li shan qiao	landmark	0.10
黃帝宮	huang di gong	landmark	0.01
黃帝神宮	huang di shen gong	landmark	0.07
鼎筆橋	ding bi qiao	landmark	0.05
鼎興橋	ding xing qiao	landmark	0.00
龍安	long an	landmark	8.87
龍山消防分隊	long shan xiao fang fen dui	landmark	0.00
